_date_,FAGR1F_H,FAGR2F_H,FAGR3F_H,FAGR4F_H,FAGR5F_H,FCON1F_H,FCON2F_H,FCON3F_H,FCON4F_H,FCON5F_H,FCP1F_H,FCP2F_H,FCP3F_H,FCP4F_H,FCP5F_H,FCP6F_H,FCP7F_H,FCPU1F_H,FCPU2F_H,FCPU3F_H,FEXP1F_H,FEXP2F_H,FEXP3F_H,FEXP4F_H,FEXP5F_H,FIMP1F_H,FIMP2F_H,FIMP3F_H,FIMP4F_H,FIMPU1F_H,FIMPU2F_H,FIMPU3F_H,FIMPU4F_H,FIND1F_H,FIND2F_H,FIND3F_H,FIND4F_H,FIND5F_H,FIND6F_H,FINV1F_H,FINV2F_H,FINV3F_H,FINV4F_H,FINV5F_H,FSER1F_H,FSER2F_H,FSER3F_H,FSER4F_H,FSER5F_H,FSER6F_H
1996Q1,,,,,,,,,,,,,,,,,,,,,,,,,,,,,,-0.2837866166986267,-0.3333380082900933,0.30443952297590593,0.0666513395866713,,,,,,,,,,,,,,,,,
1996Q2,,,,,,,,,,,,,,,,,,,,,,,,,,,,,,-0.06378662705844627,-0.4908382542351489,0.09175779250862488,0.011643783807211204,,,,,,,,,,,,,,,,,
1996Q3,,,,,,,,,,,,,,,,,,,,,,,,,,,,,,-0.041803803831540136,-0.5032615664536132,0.001745154315658852,-0.016156804677024416,,,,,,,,,,,,,,,,,
1996Q4,,,,,,,,,,,,,,,,,,,,,,,,,,,,,,-0.11038808368768671,-0.355066940957446,-0.06859600597080155,0.016122794964965253,,,,,,,,,,,,,,,,,
1997Q1,,,,,,,,,,,,,,,,,,,,,,,,,,1.6931192538601376,-0.7200981631841683,0.3507064805351925,-0.03444420991997339,-0.2093101294002633,0.13008679484531452,0.012002453461533022,-0.03827784554508498,,,,,,,,,,,,,,,,,
1997Q2,,,,,,,,,,,,,,,,,,,,,,,,,,2.0864803194762103,-1.4658609761249688,-0.30921224454792706,-0.008390779354059666,0.12432828863651291,-0.1312777477212275,0.08792683487956347,0.01715756417584803,,,,,,,,,,,,,,,,,
1997Q3,,,,,,,,,,,,,,,,,,,,,,,,,,2.85798659956942,-1.1241349183416354,0.24601308517280085,-0.36370651395658204,0.07991177506252155,-0.32062710143279416,0.013120030568534094,-0.011727733752514331,,,,,,,,,,,,,,,,,
1997Q4,,,,,,,,,,,,,,,,,,,,,,,,,,3.719558179393898,-1.967308947679533,-0.4421943915907553,-0.10528087219443923,0.05755191686222825,-0.3754822932020636,0.03248434027272535,-0.013588089670376405,,,,,,,,,,,,,,,,,
1998Q1,,,,,,,,,,,,,,,,,,,,,,,,,,3.4409300678217907,-2.1415648259512032,-0.5896520340030431,-0.1457445601500699,0.11659493028356571,-0.4889188166365348,0.07234530536702716,-0.01418478279251266,,,,,,,,,,,,,,,,,
1998Q2,,,,,,,,,,,,,,,,,,,,,,,,,,3.2397732977612463,-0.7723860264773412,0.3098856122984473,-0.9515477745153774,0.06891621922540518,-0.6936198651549299,0.03766257527246783,-0.018085078844766917,,,,,,,,,,,,,,,,,
1998Q3,,,,,,,,,,,,,,,,,,,,,,,,,,3.0893730218026483,-1.262379560404704,-0.17504239591815204,-0.8364990467258254,0.05193218631735922,-0.7029463341820791,0.039773604973692915,-0.020476729140301127,,,,,,,,,,,,,,,,,
1998Q4,,,,,,,,,,,,,,,,,,,,,,,,,,2.13866535385499,-1.261452123664565,-0.11087004417904261,-1.0431857625374354,0.1463628405138166,-0.7412135575447821,0.11236887132581903,-0.037463349596226346,,,,,,,,,,,,,,,,,
1999Q1,,,,,,,,,,,,,,,,,,,,,,,,,,1.8140072647644543,-0.7594103530611545,0.025712287669600636,-0.8279953119097142,0.4297539804458725,-0.9397357321686326,0.07902018067052664,-0.0015176668415157492,,,,,,,,,,,,,,,,,
1999Q2,,,,,,,,,,,,,,,,,,,,,,,,,,1.6543303935927358,-1.1309528586347815,-0.42170412362854864,0.20811083833606672,0.36870919120245205,-0.6501572187005975,-0.044116642476715345,-0.033940419743471624,,,,,,,,,,,,,,,,,
1999Q3,,,,,,,,,,,,,,,,,,,,,,,,,,1.3567889545969607,-0.8547869635191926,-0.5998871838617038,0.7588220169333547,0.29878216339096014,-0.5237820846937021,0.014805749250295944,-0.019871101804489425,,,,,,,,,,,,,,,,,
1999Q4,,,,,,,,,,,,,,,,,,,,,,,,,,1.9839249499827154,-0.3110532689739052,-0.10431531540981115,1.067814378790855,0.2752133301904656,-0.5147419741075535,0.024785372398259137,-0.02049074893772671,,,,,,,,,,,,,,,,,
2000Q1,,,,,,,,,,,,,,,,,,,,,,,,,,2.4433790430144886,-0.39118261749557903,-0.5231750320363556,1.0929418530259358,0.30340945035205774,-0.5462531138159258,0.053303208099522666,-0.02062996907409829,,,,,,,,,,,,,,,,,
2000Q2,,,,,,,,,,,,,,,,,,,,,,,,,,2.0204113935996877,-0.22660643738682684,-0.4646092855824697,0.9093374744728635,0.40533348990189877,-0.47165498306966597,0.004034113687583709,-0.014537600334236853,,,,,,,,,,,,,,,,,
2000Q3,,,,,,,,,,,,,,,,,,,,,,,,,,1.8752251028890825,-0.09457241762414452,-0.4204407145522257,0.8995475421635115,0.35063201366805924,-0.3569375916493203,-0.02789336876456402,-0.013115973277075551,,,,,,,,,,,,,,,,,
2000Q4,,,,,,,,,,,,,,,,,,,,,,,,,,1.0234892742810509,-0.2369632510151778,-0.79186429411903,1.1078112195854475,0.20382311902624664,-0.2441687704578844,-0.04919140945979233,-0.004996818178794284,,,,,,,,,,,,,,,,,
2001Q1,,,,,,,,,,,,,,,,,,,,,,,,,,0.6006481770348783,-0.7234169634418719,-0.6805810704024834,0.877489470432982,0.013504890775267987,-0.12047034271940954,-0.02456926989427093,-0.015843207434790983,,,,,,,,,,,,,,,,,
2001Q2,,,,,,,,,,,,,,,,,,,,,,,,,,-0.09827712403752341,-0.4390155975071403,-0.6193383170193965,0.37343575208184365,-0.10633915226740039,-0.2313640311006451,-0.0065467620472686025,0.003829803356966801,,,,,,,,,,,,,,,,,
2001Q3,,,,,,,,,,,,,,,,,,,,,,,,,,-0.776478488363983,-0.5864471252971605,-0.508971290003411,0.4738267756603276,-0.18331412464413654,-0.18681322622419985,0.011524205484599925,-0.011434565162110914,,,,,,,,,,,,,,,,,
2001Q4,,,,,,,,,,,,,,,,,,,,,,,,,,-1.1713472792379658,-0.7674167101537468,-0.5667701603766491,0.05136780762358098,-0.2659110954818044,-0.18207679440701496,-0.09360458738681478,0.03825379034939879,,,,,,,,,,,,,,,,,
2002Q1,,,,,,,,,,,,,,,,,,,,,,,,,,-1.8529209049843847,-0.34207696757056044,-0.4271949968161349,0.1948541144434437,-1.2497980212957656,-0.08004816950159348,-0.18999445103692303,-0.018924532256372095,,,,,,,,,,,,,,,,,
2002Q2,,,,,,,,,,,,,,,,,,,,,,,,,,-2.006727831662397,0.23236057305612715,0.18213642912764297,0.013667568621016554,-1.6520955173720946,-0.1413446617177838,-0.028380107815337934,0.03782816734019835,,,,,,,,,,,,,,,,,
2002Q3,,,,,,,,,,,,,,,,,,,,,,,,,,-0.5430594157136157,-0.10081410380260204,0.6920048789185115,-0.47622050331282434,-1.9119085596052532,-0.07318355898007944,-0.03033199217302553,0.03261154866785032,,,,,,,,,,,,,,,,,
2002Q4,,,,,,,,,,,,,,,,,,,,,,,,,,0.5523090411384534,-0.3415130427967085,0.07960924842424395,-0.05798299025856173,-3.3763451661316357,1.0023202164520002,-1.401735692742552,0.40918568979584596,,,,,,,,,,,,,,,,,
2003Q1,,,,,,4.382620287117126,1.7148403285074592,-1.3715448869091187,-0.47041413453959435,1.5605915011885363,,,,,,,,2.633943538090443,1.092272533043577,-0.014004454201654061,,,,,,0.594503651025731,-0.327904429358085,-0.2073381615835513,0.31918186364183326,-7.291310289710325,4.849709567994381,0.16328921368813454,-0.4367626489290388,1.4144531720751141,1.1812541725091261,-0.14363416703165002,-1.0404863901254136,-0.8912477621446602,0.5161573915562133,1.1143493401470939,0.7705709942614534,0.8129671833751336,2.535839932904218,-0.029805063693540773,,,,,,
2003Q2,,,,,,4.444863171402665,1.787155330176006,-1.5571810855137922,-0.37962656260249866,1.3807246170893592,,,,,,,,3.22342812496926,0.3179755985756147,0.5734314436063989,,,,,,1.0699025758123204,-0.7952287984405401,-0.2980962052619924,0.38851974994896876,-1.7914893986425042,0.6160551738727439,1.4578734739170656,0.3986557381566184,1.3252323920276579,1.1943523050974227,-0.4417584508783124,-0.5827143684112847,-0.9123359447167362,0.2071246667333273,1.2148718915772216,0.016058880369395068,1.3359658348919476,1.4521338658396992,-0.8650192638717119,,,,,,
2003Q3,,,,,,3.7624993434147314,1.7809411923518532,-1.6575286892873233,-1.1434896272486583,0.6949929933394001,,,,,,,,2.403216274553418,0.3696647056260996,0.8194510590206446,,,,,,0.597272429330847,-0.4744232922697853,-0.46754597436531514,0.30886027382592013,-0.49362983262170584,-0.3630468058237271,-0.059883779650058394,-0.0033530934397209334,1.7518154889843338,2.1390597992603677,-0.6788676481617767,-0.399279360047957,-1.0732282034088778,0.7983710461520875,0.24957861525382571,-1.68585085028219,0.740333007544129,0.5069833033307573,-0.48225066152509594,,,,,,
2003Q4,,,,,,2.6288701530592404,0.9472992725321822,-1.7465743544770966,-1.1715906562025558,0.4783317620843155,,,,,,,,1.6916525607231254,0.1600214649369995,0.28313539284253597,,,,,,0.2425900993986735,-0.1612953787227369,-0.06145199601661361,0.06642039470110908,0.06987916680646074,-0.6631975713822217,0.6679866925719598,-0.16912227968848115,1.850068155733809,1.654498645098921,-1.0914844985149152,-0.5069126316310971,-0.8839125333029125,1.4374819499404676,-0.16317020793556988,-2.994259800307408,0.2292202835127074,0.4051805021278274,-0.2651707113180501,,,,,,
2004Q1,,,,,,2.576844832291586,0.6124094055184885,-1.5129207217236864,-0.573234832248576,0.20226394922466942,,,,,,,,3.6916693274927543,-1.9308517568464767,-0.5408926834398219,,,,,,0.8951524088235386,-0.29115685387998874,0.385910669768225,-0.16486147456789635,2.1921690860451815,-2.3584803103729453,0.12421338570445821,0.19175530990772308,1.6803692209128112,1.4214638398006443,-0.9341599926361518,-0.30062974072508436,-0.712328758287029,0.9590978588893154,0.3100989456072542,-2.4352207201726124,0.17578266172931664,1.0488537294798312,0.08821751373034632,,,,,,
2004Q2,,,,,,3.2253155387558223,1.3194662058889979,0.030582107390370667,-1.1150639528100603,0.4971126848175576,,,,,,,,4.609934079365121,-2.717243646979901,-1.4343493280075894,,,,,,1.9591289015947104,-0.3444323104301839,0.37422898206769384,-0.4300981761707671,0.2591613597915738,-0.7080237242905482,-0.5566231132529468,-0.15727420211185497,2.3612211586228717,1.5645613509696636,-0.2379025445152236,-0.4341543649877675,-0.6275812975438767,0.5616751978171473,0.5448263389175337,-2.028117358190237,0.4752922295451489,1.0265390305270734,-0.2933145590235188,,,,,,
2004Q3,,,,,,4.071709540821399,1.918302394429314,1.3024021806566877,-0.6957432562671745,1.0975729283560598,,,,,,,,3.97628308366814,-1.7167401878717923,-0.802404202301482,,,,,,2.0488320391919523,-0.10965950968111109,0.003979498295562202,-0.2598257741678223,-0.30414176920073027,-0.23593837821268568,0.03075418399905072,-0.010026464590883582,2.649983214645077,0.5808770352047934,-0.08783627809934395,-0.3962502608775534,-0.6522829702804254,0.5502623428631498,1.5432057970956083,-0.4096354942491598,0.9526712928557277,1.9555126180838756,-0.4945479682974221,,,,,,
2004Q4,,,,,,4.403617684059485,1.9655911116542206,1.9112678770026772,-0.8565168385798029,0.9802047288967769,,,,,,,,3.611176975383266,-0.44210118817231425,0.6205179230435564,,,,,,1.4666873857111788,-0.2841079241800552,-0.034638211377909615,0.04676137452087332,0.4363897955289015,-0.6880268614411488,0.7107673698749418,-0.18893257634079696,2.4773046860609518,0.5439285753451126,-0.03544335201945079,-0.35156742655086776,-0.9847982395595531,0.7260652150337373,1.2607654750748827,0.26567522061434573,1.1725065904380645,1.482406880809151,-0.4814981455501499,,,,,,
2005Q1,,,,,,4.741616704497903,2.418676377598672,1.316246699397573,-0.5868051560575306,0.6647486158637506,,,,,,,,0.22519837373275844,1.7375355102178534,1.627548178540281,-0.11297387897916436,-0.26644833769956244,-0.2940050915380661,-0.08109149780597633,-0.38147679491104286,1.4886187456559272,-0.7024284753869958,-0.44877136218926905,0.26238503619514336,2.959116745850895,-2.5069889903332654,0.22424480673075742,0.1946723474992782,1.68833542072025,0.9232025295547368,0.20627330239308436,-0.8592772016731226,-0.9782100485573083,0.7801337235253295,0.8231958472801922,0.4012923492108352,1.00610043090197,1.1030156302858996,-0.4947081434190657,,,,,,
2005Q2,,,,,,5.435789072478546,3.535836128907693,-0.5192827287106753,0.9544943482848666,1.1011335252215941,,,,,,,,-1.5881777200000142,2.4823764983411785,1.6277188285255637,-0.16446705675617698,-0.10373304117925886,-0.02396665805964451,0.04204257443887344,-0.6219086929557084,0.7047588579722966,-0.662009692927108,-0.7356727379294528,0.6138270359072601,1.0073415936371966,-0.9672336891676464,-0.5587094756640656,-0.1872669345432952,0.7681268347898237,0.5805556193215179,0.17000021576026514,-0.5772526241023348,-1.0596999078708842,0.4655353049752211,1.1727485499356731,0.6086570947871538,0.7177422311386185,1.2684037561643222,-0.2586326121322882,,,,,,
2005Q3,,,,,,5.76588997137954,3.065097384650965,-1.9749493842603496,2.625702308677521,1.1508432045360928,,,,,,,,-1.1591021061536855,1.9865208686569187,0.8809285494454532,-0.2886967407213235,-0.17863132242395952,-0.15219139895337727,0.19861284697714213,-1.2082983451871347,-0.006638799112415547,-0.791160905061274,-0.7619205376499365,1.1131615227410119,0.3606908294319693,-0.5989293429225762,0.004556510391840442,-0.012275276610548938,0.9985664528215793,0.3595829839737366,-0.2715714280600827,-0.04533979670076671,-0.6681565352434705,1.258325834654839,0.6929728591774978,0.35917866908201196,0.6943474672359206,0.7527689360179143,-0.08391754321302193,,,,,,
2005Q4,,,,,,6.233131632346859,3.5693542199179102,-2.6425469771584242,4.624527391594191,0.3691056397337878,,,,,,,,-1.440691409348026,0.927553959864252,-0.7349560193589717,-0.17953732026179856,-0.09934547125866355,-0.07106591650252587,0.16919621968173781,-1.1334459061692252,0.12874968821242727,-0.7720635455442707,-0.6743317463600089,1.0745612095945736,0.06540659062479025,-0.5030302940984771,-0.10250656906902765,-0.00630135821883832,1.458612539505549,0.20001686539597108,0.013518331680366147,0.0663445899334376,-0.45916497795507544,1.0980269782234682,1.2757027785384163,0.7521678604962885,0.7899206044254541,1.2712629166192755,-0.2677008332121848,,,,,,
2006Q1,-1.3362678468742297,1.1853784844585924,1.2308569270131184,0.6105605568897332,-2.334069009027097,5.715782337109975,2.318584290417359,-1.173669543096124,3.852456925468419,-1.558153374133054,3.777606368793133,1.6275172313151565,-0.6222256474998181,-0.3578954980301138,-0.717464867051018,2.87244678725823,0.27968709712548767,-0.3239806343462752,-0.26328407239522006,-1.4773037064001555,0.2059918728302831,0.5019172486403264,0.6801487524537349,0.1867576720285081,-1.3210126661311914,0.5724747454176935,-1.0722437351508567,-0.704747009533594,1.186468801693888,-0.25348756670159256,-0.36814169055317736,0.0527626990030708,-0.0375096566705316,2.21219478688061,0.3974935735256236,1.083852085675324,0.09822313782050303,-0.8964066415371228,0.9141612358550656,1.6048157390389555,0.016931477129995053,0.8286415712399768,0.955904233976391,-0.3500047503573564,1.7882688726362097,1.7663926225658075,0.18778108759378337,1.4268215090848138,1.5522165097364415,1.2332723013815459
2006Q2,-1.6504197068483075,1.1863410793372315,0.7171797576467772,0.928222588893572,-1.4185040491607677,5.20434660716298,1.0809944372771703,0.31867760788651084,3.49991066782407,-2.034856626616507,3.213164655768383,1.7556913302315493,-0.6326514233338214,-0.6816776060366857,-0.8975564099653174,2.204197774329107,-0.18376050229609742,0.12088787720446421,-0.15999091063674278,-1.7099143187856234,0.5549992613519733,0.36607294132540263,0.7227583165972379,0.2681449262800927,-1.1115589106212636,0.7206971381664458,-1.0257454507456651,-0.5132226830816028,0.6995505151918385,0.09696853995365691,-0.44876426028453636,0.07536546416504154,0.005738108070014768,2.842654674804384,0.08192329154731341,1.3579239921944577,0.3161618539358962,-0.37194581890152784,1.21565958328787,1.3387198241826066,-0.1364038251788471,1.0561318981669843,1.3702450544340297,-0.21896171590553948,2.170217434928563,2.1226688633932915,0.11171307951187853,1.625272991032472,1.5449180980815853,0.9190886343915631
2006Q3,-0.41435316987092813,0.7583681324304964,-0.11420047239829363,0.3838496433859259,-0.43744001375597,5.334333802857244,1.4714058768983804,0.895679205651141,2.5403996608994226,-1.003239630563965,2.81344110867626,1.4091076074159359,-0.17510412833365954,-0.7287449550061001,-1.3927189672757292,1.9538564654815265,-0.3600605540236222,-0.13397595363658787,-0.4178753260689489,-2.279117586142642,0.5270756399167061,0.2023925067166267,0.5481321636560804,0.02061554565721338,-0.437975497731289,1.3966683971639053,-0.9359265089157024,-0.12224857839580101,-0.041253726597789135,0.10794959547103623,-0.3091559299861144,-0.04540465607842117,-0.010044208548603923,3.6222283084890226,0.2591203980455294,0.9964138116849623,-0.2932560555351449,-1.0499344838596476,1.2809103331391192,1.492782717860037,-0.45129074294780147,1.012542003679818,1.4522034428249364,-0.270874534541971,2.2969642350678554,2.260475986184308,0.21729532219267003,1.4900485412151816,2.023382566409223,1.3155724698407603
2006Q4,0.2915201665345724,0.9346851859988229,-0.5731755451588524,-0.31525080669305866,-0.8437528757775455,4.770926127217866,1.097085251494925,1.2367594966910727,0.411991822556024,0.2819904470625853,2.9627296079425833,0.34425613273417605,0.07654185670831647,-0.3623724901929705,-1.0807917868151773,1.5887488217490475,-0.4215320687976078,0.7624535157782001,-0.4723757666046631,-1.7811834998775922,0.48194445409073877,0.2971955730533638,0.4806756266505056,-0.07139724946844864,-0.09401044532065972,1.7041595081529184,-0.8397535407787585,-0.05391353751341269,-0.35268505609412876,0.16497923635312362,-0.25427106492188717,0.11251883080509469,-0.034995581769288374,4.0796033635780224,0.2308927884884452,0.35180679615852267,-0.09942160429311385,-0.9356922022788337,1.187744640217727,2.0794839832959418,-0.03665940262170824,1.0196154798568273,1.5885472053796974,-0.43054218333896443,2.293771839447149,2.297552201015129,0.31489253222263064,1.3035159179623956,1.8335359307236505,1.1063396023337482
2007Q1,0.029871833233325762,2.3092612718297727,0.05655832053949583,-0.29985081800311125,-1.321881365056252,4.106975286882846,1.5021672937387234,1.1685208430819165,0.3792972910715881,0.3194558501428561,2.968752758136086,0.11974512711367287,0.08690679469708502,-0.08705641740585555,-0.3583917416383821,1.8776700115838008,-0.6997684748745359,1.6731050220184958,-0.2666847720197298,-1.0887246805975888,0.47272626379145555,0.10706608556615103,0.30057194843237545,-0.020995497079823223,0.17668232763228262,1.4018321832538307,-0.49946760156617626,0.05653953608273075,-0.720602560123529,0.49044386095571246,-0.6220107822673951,0.07521873966637561,0.01678388058357531,4.131871276627035,0.20307281312157502,-1.3299632839993867,-0.046877914414215995,-0.13080284586223775,0.4615129920257293,2.0151586032763418,-0.5093990663391598,1.17631010282447,1.3193587092023604,-0.6207395565783206,2.0502939079995297,2.283755553295696,0.10714776566126305,1.5536467393817583,1.375744378956278,0.6635229726708528
2007Q2,1.757949410780853,4.33800143467716,2.431284493582817,-0.9512600431252914,-1.4793607732494227,3.6763552430514967,2.62040457504221,1.2471996069144367,1.0546809334805722,-0.4462847891466091,2.7647608917743853,-0.10380775733752245,0.19454150901113756,-0.08636855217742845,-0.6988243998772944,1.8670646923930738,-0.7283219584481456,2.085596615261214,-1.0378007764048012,-1.6415645573300368,0.1355176068754856,-0.02426700329678573,0.0244667346869923,-0.06714519181975827,-0.1010668789592551,1.1134795499524037,-0.5480673215411352,-0.021472902313997344,-0.34341395503608646,0.21175142767621966,-0.40608671809264324,-0.12796192555310484,-0.019431445934805353,4.0390338308693385,0.5114303630633527,-2.2612541653445812,-0.20755154230567532,-0.3445549564590489,0.40062098420641085,1.3903413097925206,-1.4368226855453912,0.9719865682055694,1.1795952215457766,-0.520342521337047,1.7382369191995253,2.118093670859477,0.00924124206762004,1.6560848246089366,1.7175673529884268,0.9840521008148784
2007Q3,2.7585062262148177,5.123468945453614,4.415283934101242,-1.1726341019173396,-1.554892192748966,2.4954643772612903,3.534737424229274,0.8991414994543222,1.1391210896042612,-0.8872686778113659,2.376868059762255,-0.02773236724367482,0.3832290374170583,0.0046945212494468634,-0.920701724837181,1.132466138176473,-0.5266856216317451,2.2080260998046657,-1.228379690904174,-1.799966147194092,0.4604535747874698,0.4010999188063651,0.438609507522483,-0.10173792147271883,-0.060481440543230965,1.2113884445127592,-0.42452093076538167,-0.0537188617688428,-0.29503192089779584,-0.11973583940752787,-0.04344132663792163,-0.09891623858029436,-0.012244777671818696,3.517160452515249,0.08319071357093988,-1.913371570246831,-0.08440078970882864,-0.031322218867132816,0.21079899202464605,0.7278061354389589,-2.6514871119043177,0.9013445135478214,0.7381416538444322,-0.774154521960989,1.3181412397973626,1.748934001905078,-0.15752130073824208,1.6711155555766484,1.3568924228127226,0.7672058126269589
2007Q4,3.727332007183629,3.887707098873639,4.799419367575228,-0.31401829766941636,-0.17437192199469206,0.3416219627397394,3.315507517966584,0.3945859960352281,0.4347135866302781,-1.2393021156925608,1.2608267233710666,1.4452918899826772,0.6606520807985902,0.05552627132671018,-1.4336130247755288,1.7981142039366727,-0.632270899737533,1.5908040582169793,-1.0100048648104274,-1.9998521767259756,0.4613437401547058,0.24231599563626924,0.6204061480439275,0.12183832710896457,-0.23410891006616588,0.7518070402839654,-0.3717488341956945,-0.20807453391657546,-0.021933449442858965,-0.40219581152193906,0.1575354864278272,-0.18994661080581973,0.06497899179594108,2.5525733386647724,0.2700945601098545,-1.4635704039331732,-0.3692106269904853,-0.5121035169108664,0.3069947824535821,-0.4483192960049731,-3.0928232900417694,0.2911726629748444,0.4908183901589813,0.07374756129127878,0.8237342704833003,0.7911180135682246,-0.32737710115164154,1.307825104437564,1.487030043406676,1.6031921817970438
2008Q1,3.2505002734358066,1.380441932567485,3.8844988605610156,0.7119019015826348,-0.5955826009089366,-1.501036201971804,3.5548878420571146,0.33810704473302583,-0.06711246617444226,-0.5600900308974968,-0.08952891313794731,2.8956222590397593,1.186470418626308,0.5350109217569604,-1.247486091156872,2.1022928206407783,-0.42940601917026394,-1.0155332604932497,-0.1709227774495412,-2.825308043705474,0.3434661607278348,0.2244636335960554,0.3230027062100038,-0.10774569113755085,-0.2619848908839753,0.7968829781423419,-0.37808949644457385,-0.21175571452637254,0.38393297624101796,-1.2231662921060027,0.8422614198954964,-0.16090955187751124,-0.04324981171686155,1.0433839275164514,0.011185955342368345,-0.23189240153849375,-0.6452026417592184,-0.7521257534068863,0.6272155286733543,-0.6551074862379785,-0.9961949528095787,0.8427146034775562,1.3697861152494812,0.2203437044122284,-0.054469422179220996,-0.4273505182670587,-0.9637252324532378,1.3973016042943749,1.4022367792396508,1.9232364643564799
2008Q2,2.8808390029566193,-1.0655432331509873,2.9565263412837446,1.2666483880284047,-0.3828246072559463,-3.2617362566926693,4.819918154740165,0.1886596980314236,-0.6191173579352418,-0.493362387725843,-3.2852453811962974,3.9670636443893446,0.6789785504908844,0.6623000926692666,-1.615603707243577,1.8427779142617464,-0.5254548033247488,-1.254277103544838,0.4155257710228835,-1.3732187572767856,0.2575331496495481,0.12030827523669248,0.43003408251774317,0.14420593643348809,0.3936608224691736,-0.1042682344783498,0.5398081432677074,-0.33736270616509145,-0.11056963339525588,-1.0857298307689776,0.5582070849502222,0.016239668626100448,0.06960550044374499,-1.22344897496755,-0.47530831004454893,0.8563903954806822,-1.064065259396834,-0.896902211991096,0.6625326890158604,-2.3161195643259003,-1.0924083466517684,1.9013891316541833,0.43269163266647287,-0.5863216308243913,-1.6821556397752737,-1.5040226525580467,-1.6641986821011703,1.8218529992092751,1.2386664712451585,1.6117521092933587
2008Q3,2.1612336042603446,-1.4158040084352959,2.596407495690356,1.359207782602719,-0.9386952987131431,-5.005069463949929,6.056375145433389,0.5778852799043553,-1.4212290261936182,-0.6119527612466781,-6.761301919848738,4.87952851767388,0.4860212515765352,0.03962598271197853,-1.78039494414646,1.919812957025692,-0.537141515241692,-0.21054571006867495,0.6828975254002279,-0.4796361302683623,-0.46529687290394767,-0.23139737399993024,-0.2835179279028166,0.1063811530789322,0.6506131938051399,-2.0844390986296806,1.5589784999776513,0.006277706918055533,-0.006237468160750583,-1.1836744029062671,0.5930736575161689,-0.062109636692697125,0.03416506720364003,-4.126784418442021,-0.7333463855009192,1.315568230689906,-1.1033181616033902,-1.106747837219167,1.0805732183381007,-4.853590047944416,-0.8541096641619798,1.2893383109270242,1.2252773797611958,0.8045823164231702,-3.2867190000987825,-2.588816725421022,-2.244248372073752,2.4697470631098812,1.3018845623212545,1.4847561147518107
2008Q4,-1.5294922711955472,-0.8603290402168802,1.6621747971466918,1.1569443391907381,-1.6011404193744188,-7.203938919900412,6.520114893416017,0.13102383495565756,-1.4547476303293185,1.069294913031735,-9.993238801381276,3.2889173897153263,0.223795083992804,0.7404748940419331,-1.2970626988245268,1.60684093860171,-0.5036842856707601,0.5397175302884526,0.5750799906618188,0.14427199854637263,-2.130391647342081,-1.7813653084807293,-1.541224474289688,0.9865008564806311,0.4548717108912841,-5.425423849160549,2.6149273913124005,-0.8852111663460636,-0.08698701012163161,-1.1955948386571127,0.5847779283606416,0.056450625360581604,0.016416594589409444,-9.447386463921157,-1.4199853618551137,1.0099730079726217,-2.8930470089015934,-1.3233743748108695,0.7828170754875666,-6.694396155812115,1.8377666512592157,2.5750602261455136,1.3613874377715327,0.2866303329589422,-5.421912764020195,-3.88617122097047,-3.125537797003144,2.9946902878345143,1.4281325820031394,0.7924558899478936
2009Q1,-2.8757040102058995,-0.5788570539303125,2.1199433853862706,-0.6502638927587104,-0.30552269157042633,-9.334567008056199,6.977931847155694,-1.5719749274534678,-2.2348004798323884,2.4673262506779383,-13.807752531978311,0.4981550188648274,-0.17596845710501763,0.6624746021712103,-0.5174769069552984,0.6749835470114989,-0.535719019046936,0.3311684055090151,0.9326612678199124,1.9752211288878072,-5.071793934397214,-3.5433000329828324,-4.908693150670146,0.7312901286854917,0.15834673197885565,-10.337243221397364,3.783172888303023,-0.27608460599828066,0.6223682277422945,-1.1177479808380675,0.394951223958422,-0.1291129245481163,0.09702187408647896,-16.19902743749443,-1.255326635736389,0.0999069240064722,-1.3177619603754034,-1.3007719002057385,1.6292371182416598,-9.208651154549196,2.735217310565685,2.367438371442223,1.2377861808284647,0.24844439847808628,-7.786928672690313,-5.3224113423144175,-3.2095467579979466,3.189995591011725,0.7566180177644463,-0.5348935346016043
2009Q2,-5.171111517357349,-0.6758589701399825,1.7166509107411831,-0.793745320420963,-0.5656644151064905,-9.473095868758046,5.627179644434065,-2.9353129840024486,-2.334262906852605,1.8529659370067992,-13.509425957589697,-2.4559678933557016,0.8761205396603847,0.38692758349337747,1.50879615300215,0.7178307547672159,-0.3822178306972523,0.400574056369027,1.1683853156135222,1.5752708875186616,-5.340153942522978,-3.0516863906215033,-5.560130895512998,0.26968957803937915,-0.20533918849308777,-11.133754574140355,3.6577899962034865,0.7235408725174115,0.8222153867166951,-1.8770323293931306,1.2733954043471234,-0.37269645826728404,0.030361212903728993,-17.658609469339424,0.2535978187289519,0.07686404652668564,0.5694492984910664,-0.14683948745173925,2.277471428365612,-8.903682372465406,2.646851438833154,1.5737231987930809,1.8952819853506189,0.5449066089810857,-7.816816328256074,-6.157332019313325,-2.05565525640084,2.4168394987210795,0.07794383047851346,-1.6308433928889352
2009Q3,-7.181783792286833,-0.7292231530908716,0.9658485728658164,-0.5120283932133559,-0.8854176499979588,-7.553960232840971,4.0477810849992,-3.4183213696790506,-0.3343016634285622,0.5797644053474551,-9.649289386162282,-4.691033035466702,2.4713662418093985,1.0749294856329603,1.862036681059928,0.6031943077466814,0.0875406747012006,0.8843584317362688,0.7652773964975793,0.8429888062812463,-4.085645454270881,-2.1720393285900212,-4.189869092056985,0.20939781855068626,0.0713806047431313,-8.29366436037971,2.469775225714065,1.5144000022368254,0.5695081138654428,-1.9733344906369539,1.865419649564443,-0.016488887108152384,0.05110813109331166,-14.389504574263896,1.9310531942274014,0.15306289811826126,0.14129326233729717,0.28457521885723697,1.8827687216870699,-6.136451386134836,2.2797871437035604,1.4502864979686105,1.9394847406608722,-0.358775860479791,-6.1296747677521894,-5.474319615859933,-0.8082747115294754,0.7466618481506417,0.4372476811409595,-1.503450253891928
2009Q4,-5.442832218893398,-0.9732460854684187,1.877979522726304,-1.3514117768952651,-0.6412368093462955,-6.330924914762711,2.597421805751726,-2.479140103028163,0.8673034716637621,-0.7378869957923921,-5.707446664472427,-4.229263668399498,3.5319927195539425,1.3125515570677606,1.4059282931445434,-0.3774303342454979,0.46223182427798565,0.8448758161557489,0.0648374811561242,-0.4351112564290161,-2.031716956429188,-0.4433027679732368,-2.4458101518275304,-0.7091408335991324,1.0942103850993492,-3.40166508378079,1.292368674531772,2.1140287833433073,-0.4786221001759265,-1.3766267126393308,1.6121435936590096,0.19329244580685756,0.03967623919982331,-9.7797702895133,2.625042091486311,1.174964599841289,0.8448191169389948,0.2961814633081666,0.31895874576911815,-3.502828309885657,-0.4142139363983679,0.24011818420189426,0.9764003915630376,-0.5302162400609796,-4.24445112877527,-4.5767451966089014,0.24793524475798634,-0.33798669626190647,0.0007073941821859608,-1.3522820317736475
2010Q1,-3.316656465601376,-1.8405712810843584,1.9497285052102447,-0.9181014185496114,0.6022177870253208,-5.759536630818343,0.7045599147570734,-0.8421380626195373,0.9073010291518778,-1.409490352217828,-1.8327434928843795,-2.852820283220467,4.282245555019775,1.2058074514369759,0.6140324908676812,0.30118385358690264,0.5941964115692887,1.1997712119187467,-0.4728718214452228,-1.3351356260004772,1.0473153762266785,1.5733232461224196,1.108576744733677,-0.7389188720303972,1.7063277729009567,1.050991035902588,0.5116979039282988,1.9429261756929177,-1.5158625237014152,-0.236232450672018,0.5795171943748868,0.49091943376669017,0.01061309276688225,-4.762338402044526,3.7592264273674103,3.009308259352322,0.07334245860987673,0.5414681470608977,-1.6132940229925408,-1.2499347235859408,-2.713551780402518,-0.44211193549474453,0.4189984030041307,-0.48929112382940493,-2.214581715379582,-4.189716763126704,1.085648196557736,-1.823047225704376,0.29605199805795074,0.4517620843736581
2010Q2,-1.1332648036119777,-2.2733165480478723,1.9568709344267514,-0.6529274800636081,1.9252893519504832,-4.663461211425254,0.3328242858742608,0.7172398907004464,1.4798349713042558,-1.4651367070676924,0.2190128100353156,-1.2312534150548569,4.136541415616425,1.9640222403908207,-1.0373448996089103,0.2879963626949376,1.1465248830718477,-0.013859797047197198,-0.06315503750121322,-1.097095635918838,2.3677096607366197,1.9444616908343788,2.770435457290191,-0.4328737950728469,2.021968589193763,3.740461706648677,0.08642032171900955,1.3007278032268734,-1.343020893602966,1.1080726296233572,-0.7306085025671575,0.5643838621699999,-0.055163618170789824,-1.2800813134361524,3.2051550399684263,2.9540671733896695,-1.6028983217326809,0.09554323550367809,-2.026301504322864,0.2635643275220129,-2.5879885605753294,-0.5949718031393277,0.5043844238269557,-0.39332471617387127,-1.134410580451035,-4.049405493530486,0.9533059726865439,-2.912082384814895,0.8411624129909577,2.0232563544741526
2010Q3,-0.390055181690755,-1.9016023965281026,1.537304009336368,-0.28286489671423126,1.2317794397548367,-5.3323663638846055,0.758152505246234,2.5225915364361557,0.31484772923045357,-1.6166495672716075,-1.4580566951550595,0.4488685938464596,2.1173938318729277,1.9853564501997383,-0.8342767471615228,0.4108984705317978,1.3117935844851332,-0.9970972952752288,-0.024755920561938417,-1.0494413354593248,2.1821009692238382,1.4654590969958168,2.498186580194199,-0.10937294934897097,0.7083852230335329,2.6474267667577767,0.08219034882586178,-0.3204561016174548,-0.867565553451623,2.2911374432035365,-2.364767650373278,0.5389555210913816,-0.05068170620992208,-0.7579583011561,1.3427703766737988,1.8899486491437394,-1.223074563331031,-0.8667622016789277,-2.178019101202117,-0.6390327542422645,-1.9111488415742783,-0.0187625025667659,-0.17926797678619263,-0.29132000229687915,-1.751882897311697,-4.001973619968646,-0.2730698124277829,-1.6482616917774868,-0.6565983126113917,0.8638630869812557
2010Q4,0.015537626745924146,-1.5117812203730825,0.9552830712405279,1.2814606642218722,1.2067184684988013,-6.423445457409652,0.03186805919911392,2.917996275058646,-0.5457328523380136,-2.5383030020747297,-2.857632254107956,1.2469392178897731,1.1784641047576832,1.0057958511245741,0.14935585847013264,1.7918376669776868,1.0238334620618286,-1.9978487914337155,0.37783919666731275,-0.9243755732145346,1.922554679088955,1.481320707941606,2.43632772127561,-0.12817406605914483,-0.2683689997971127,1.054926717306436,-0.021038410857171657,0.09846575944938285,0.035212659510077786,2.138879809938546,-2.5961477351649784,-0.39365478261139925,0.016262691682593793,-0.7297277164505549,1.5117241987730525,1.8176259142373496,-0.19075389708997012,-0.37721933766552745,-1.1779340644036846,-0.9735337242937595,-1.329593120610361,-0.1649998222849457,0.3507581115497627,-0.35781169133798607,-2.0595953727096608,-4.13624426912849,-0.38624407809419664,-1.1527767423951563,-0.5971370763465075,1.4851422607205071
2011Q1,-0.2761348874949599,-0.8991257229102935,0.6748246838694051,2.1532724758504576,-0.7051450771828461,-6.762638846631654,-1.3887584388685816,2.8901530821154497,0.8545405555543398,-3.2344777917043586,-3.171882951819699,2.1668281651314723,1.1205924017407114,0.8954469000613573,0.3686677721540504,1.1010126587580102,1.2210825662470686,-3.3654482915027075,1.6286520341953796,-0.5970558599346053,2.033857428814015,1.5933816100127671,2.7248179174823335,0.19643094103528372,-0.4801744434905006,1.8041143649855782,-0.5271161278769987,-0.17135967780501438,0.1995107794775746,-0.7931930751798247,-0.8707139619090934,-0.8876964663954411,-0.11657577164770368,-0.001410664061640939,1.65232377544928,2.2495944765116014,-0.9727238482175231,-0.31048445876072134,-1.005638128621485,-0.9134255877077534,-2.973086761021191,-0.05528751730293168,0.06952207711657699,-0.5385550943983209,-2.1409190797757627,-4.726726298172652,-0.41327540088498615,-1.3388270308613281,-0.17145372374610343,2.2748005282727966
2011Q2,-1.0732993694014203,-1.704319425852228,-0.43933798846287014,2.261545714113643,-1.8990023360947603,-6.3205359301867645,-0.9237976712228275,2.409459939411193,0.9391973088011643,-1.8694875843301617,-3.842888464051645,2.5230331429366992,0.9983324586778216,0.5431768319720317,1.0934463051178203,0.3085679108163322,-0.06206431133271447,-2.4091496111647053,0.8092193350473877,-0.30033213067123327,1.504242136332916,0.7744282685519344,1.728608750030985,0.3037119450988867,-0.8557361755081135,0.7265714202767956,-0.42684139902183543,-0.5720088426965174,-0.3308659944310275,-1.9601313221071546,-0.27386264897903284,0.009046541063875249,0.0515153897257741,-0.6174452158764235,0.48023911032335853,2.0248275205716504,-0.9885371578346852,-0.5822255967465719,-1.389996042652868,-1.5859541998336173,-3.90634339527802,-0.0015389438708799062,0.2175692931160925,-0.06398748721635367,-1.8500610406571971,-3.8052347594698364,-0.6936908624602833,-0.6642069576717924,-0.24982952838407102,1.4921283444118896
2011Q3,-0.036187435811898844,-3.0671081550253807,-0.27733841551549254,1.3792711836259863,0.02760749667286459,-5.616171111548714,-0.5350079551662041,1.2139496810050285,1.3001963969418113,-0.7804514883986305,-3.605022177019579,1.9325616454277312,1.7081937179047355,0.5683379466628135,1.296216455159122,0.4226052222925836,-1.0392222225776317,-2.2499242473821757,0.5474025294898883,-0.45865685215024166,1.1302840113186179,0.7092880700089884,1.2226027491351414,0.08407275213777587,-0.40395512103736575,0.26801020375900236,-0.14381538387990847,0.2112116809390395,-0.27866735100855927,-2.443833847775705,0.2199746000709928,-0.25887634428502254,0.030319663388022125,-1.3975714538401818,0.24977123038064927,1.7998507984329677,-0.48064277676818673,-0.252558371311805,-0.8699648287170465,-1.3380543273696286,-3.815190627581108,-0.25385661601289855,0.2524260825667063,-0.22034782860610358,-1.3978855874743432,-2.3745270344207063,-0.5075291239008549,-0.5444175103913709,-0.32767216903017204,0.6694510869236817
2011Q4,-1.0837320827079464,-3.649048836258872,-1.0546818307831514,1.044537502647948,-0.23214426464866958,-6.168502268499547,-0.34111186664900334,0.44789658825980344,0.9765969106733426,-0.11428784202816195,-3.885872329609723,1.576649910160608,1.9465439931640522,1.1025814867088075,1.0655973033632409,-0.13635906898833858,-1.0480813488014002,-2.980053448648133,0.8177038199647547,-0.5308360150655734,0.6289119538842468,0.2335631639590803,0.882294109910552,0.35383735589929627,-0.2577714256480022,-0.0655090632936292,0.10042622470293218,-0.4644626834071712,-0.2871222105846161,-2.3512023468410446,0.3129218461504699,0.42889956748400254,-0.06559444978528178,-3.124487971801471,-0.2219852919278601,1.9510411993307857,-0.5609831605801793,0.3296689114646181,-1.0504457793529334,-2.102244902063922,-4.311564691107033,-0.1503867137762597,-0.6158344245356094,-0.08816863955228783,-2.1352076220660416,-2.873674793598108,-0.9722036685425204,-0.46382539849629784,-0.7632451206161405,0.1578692425994209
2012Q1,-2.2013977590544056,-4.157707801453053,-1.981931724297523,0.8456257327259985,-0.7698738440446343,-7.596679750216644,0.07084173213862328,0.5474658541042912,0.024561472754444386,0.12473691792527163,-4.820441183284005,1.2336754850161273,1.8921187820026908,1.2043215908079128,0.7436997036161581,-0.07642962137381203,-1.1329333671417048,-7.962434944656259,3.3697863075366548,1.3221182354821923,-0.4292460786779618,-0.40074047750459457,-0.11409655942952925,0.3191956423482986,-0.47891515552992553,-2.1955185957557606,0.689882333914051,-0.4917769503667115,0.15881097668276342,0.3089622777064418,-0.22549515461714345,0.40567182938426233,0.1577828543059517,-4.799687619620335,-0.5555538804931662,1.7874012927655964,-0.1116029094722557,0.6264883885843561,-1.005893007200976,-3.779674086135781,-3.5184877529143104,-0.2720003751289401,-0.5348727962303568,0.5252767209146098,-2.9277037788755638,-3.2348817881192478,-0.9047855245558248,-0.31935660103488167,-0.8791915571114416,-0.36239068543850056
2012Q2,-1.067801622949891,-4.247106349092845,-1.05753176881463,-0.2334285953945774,-0.8312195170735072,-8.2406048253942,1.198546853995077,0.8436332090770499,-0.16398894158526808,-0.32565480557369325,-6.246956292189126,1.4959005136759345,1.4909821026105707,0.6720706248066258,-0.6448777844391403,-0.30336639445607366,-0.13292336919779635,-8.518835063380964,3.333605398297081,0.3275792993926514,-0.8046294826330603,-0.23216245323166998,-0.5301509470078032,0.05645138193689351,-0.41592637548404693,-3.3311647608918076,1.2899143731082605,0.0021980375059281743,0.9068805903092474,-0.2887450097064999,0.8275167010097105,-0.7898992888793183,0.10279301778220713,-5.230180175385615,-0.4805566380053634,1.5160277380488008,0.0144581486662409,0.3721323851341536,-0.7452146963957675,-4.400421856214918,-1.9476248899820352,-0.22110393067445358,-0.2837111052202656,0.4693094587025717,-3.652768685794852,-3.2944295851657603,-0.9243501293996186,-0.621799140888438,-0.776786771959523,-0.5864401161125139
2012Q3,0.20266599020248965,-4.268579309677275,-0.4757703953054287,-0.0546568585181477,-0.35936003123543286,-8.268743952869935,0.2564316876971724,0.1616622370816223,-0.06706091551084277,0.4062003993411975,-6.64250581930136,2.364589525890843,1.1692473916776744,0.5027770482982318,-1.3773956364102167,-0.9503078954180362,0.7791294055243125,-7.165303527905338,1.7656318397431494,-1.668293732006097,-0.3014533297352515,0.005408399548476374,-0.11528251246906533,0.1696503392788972,-0.19573171645235987,-2.786495424969863,1.2865612204382084,0.0796530830079004,0.5740328918915846,-3.588130071772189,3.1796600345866515,-1.1855492273952897,-0.047969927118129245,-5.639530559795843,0.028139742858088568,1.8866633624181592,0.2789824488046572,0.6295824679377788,-0.7904221081466775,-4.399274209932312,-1.7164473180663269,-0.21153780114164697,-0.7683132202971348,0.3466074937391681,-3.9146474151756956,-3.861517309690107,-0.8545998123177654,-0.5657032230037886,-0.9191376738930113,-0.5795118928618931
2012Q4,2.3396539820809696,-5.262370982418653,0.8353458304064248,-1.0456496739554124,-0.28201499974988276,-9.092714424483509,-1.4880351863003112,0.33628587126813825,1.3002461747031575,0.7235773609392507,-8.1970196901991,3.3474068811570183,0.6645162033262287,0.20524983296538143,-0.7924128503346033,-2.0440981179455213,1.1858396492931595,-6.46293224028689,0.6540766747695214,-2.242805896273946,-0.47564377733427604,-0.23672070864653919,-0.15375088008194962,0.18651480559120606,-0.2923584754685488,-3.2822387111066007,1.3229630789350055,0.13605554679155055,0.3016801899648953,-2.961420504700001,2.9194349646305207,1.074212971374977,0.049084907475053306,-5.537306877915547,0.21822970944827205,1.9798077058642232,0.0002759886225450134,0.5840789886910495,-0.804727526746252,-4.336123519768121,-1.351783429187675,-1.0790108940871856,-1.1151454818493574,0.7473009753778651,-4.213617590346118,-4.388536773668087,-1.037925692366713,0.02458321032423016,-0.5488540640007242,-0.21244242830348356
2013Q1,2.3458046894016324,-5.027635486251893,1.60688931327498,-1.4819781794379778,-0.14727846006275516,-8.890646448760734,-1.6482694648648717,1.0122397291078393,2.728322067524885,0.921191226505413,-7.975477774898711,2.2273472332711615,1.2754296529336073,-0.4745728801056411,-0.354250439788464,-3.09622518846783,1.3834475400518464,-5.746927004429988,-3.8962844176743645,-0.5252337692652476,-0.4656838032927333,0.09509867622187056,-0.11788513472242694,0.06861236989067394,-0.5015516210891412,-2.571844114061635,0.48717497380677005,0.3920941360057261,0.01522464601416119,3.3868923895316363,4.683396660056587,0.21137902373086517,0.27221810065589797,-4.5814277173779745,0.7387473945866355,1.6325294376411452,-0.13694399081992198,0.34612991658284464,-1.1675880063020074,-2.6470083582169974,-0.46418661228923974,-1.0272583331629004,-0.2266601095142963,0.43252531983012327,-4.15289330092306,-4.406561946621256,-0.8634159579234453,0.16764899852586757,-0.3583924959796921,-0.09907841122496651
2013Q2,1.5071533221441118,-2.925868058477734,1.5179453317313902,-0.9163668366126155,0.9245927602827221,-8.038064487246334,-2.1242216933613194,0.6376632840865951,3.013737399814023,1.4697562017822554,-5.664887691217754,0.7514138248192667,2.3197702010817634,0.7380480598247056,1.1752184547993603,-2.1387105962576727,0.6824538958827865,-5.196695307744834,-6.88854943928143,1.2528758719082642,0.2526679549342276,0.46978795608510415,0.554215291259612,0.2761488862276416,-0.5765596024296185,-1.1809709494483953,-0.14386873307183026,0.3474327068112481,-0.19463980400995898,5.784275519697574,7.183713308808411,-0.1420124012200603,-0.12551848570539467,-3.509057951482479,1.277167697022609,0.9669683139438292,0.2377337870738524,0.2252201327014843,-0.9135201948221122,-0.8223393109381382,-0.6130678071174872,-0.6070530130733068,0.09203925535900014,-0.3539889482418152,-2.95568651036686,-3.8865949235603328,-0.24513760126691708,-0.18647830987506694,-0.4575822876661424,0.05817433635970054
2013Q3,0.5110037117297274,-1.4742558238299186,0.3775007429878819,-0.9836226763568012,0.29266000545197085,-7.17389395491145,-2.9293388648180265,0.3644527332377128,3.632080448999518,1.7483648587762364,-3.7751819210031097,-0.713420301936288,2.911747165835939,1.0048343113769738,2.4759041966795206,-1.8437292699277832,-0.664063384516579,-4.448373391248562,-6.923952807683402,1.8216996733485011,0.030848445606427816,-0.038429495917048064,0.22811260362010752,0.3284854618017274,-0.8225593977193993,-1.1420892708695183,-0.12717117283207782,-0.18468193096649296,0.27254838064104103,8.745173676864093,4.478190653261879,0.8719797202250176,0.15758796584390114,-2.127320313359433,1.4126186492707753,0.5135409258769125,-0.25511307380890264,0.41455340112870753,-0.6773102692084798,0.8539912293761359,0.16311008289193205,-0.38839628888327177,1.1005363457256172,-0.5111526035643261,-1.5024664367630052,-2.309516156206325,0.18624537777595326,-0.7595865263773235,-0.1893338424373119,-0.10576131780725935
2013Q4,-1.9007989402823302,0.5086349249139452,0.013941850850041607,-0.6198275441185862,0.8391986267863096,-5.9697557252732025,-3.7631949872750385,0.11186813486666225,2.6701829083517783,2.028467410662654,-0.2698280627307376,-2.467024300349187,3.1828967578128355,1.4161404779047635,1.922628834991946,-1.0455756550938147,-0.6401420226304384,-3.866612025875025,-5.902936184163593,3.0915568337969384,0.09514700088472605,-0.0575841327705686,-0.1890570877210075,0.06152220353631007,-0.3201936415010879,-0.2882803546757938,-0.24516337484246578,0.20890285437223943,0.20755685894345155,8.396085358333272,3.810691206532262,-1.1789630229770995,-0.0330156116310785,-0.8839898546219906,1.5373234505051971,0.1775689759306794,-0.30494067831450605,0.05739325476149573,-1.2563582937566744,2.3334307140890025,1.332124514666738,0.46469360913437513,1.735203986054109,-0.8856856163420729,-0.3685563247495947,-1.3147236717640698,0.9349056374338399,-1.9872459110904401,-0.499237973372912,-0.42724398760082005
2014Q1,-2.3167471061335276,1.032276442148831,0.052873301067262235,-0.6281456467880613,0.8706232497822309,-3.393762215010932,-4.411848508299546,-0.9904132062263464,1.2042059825215956,2.895086454283975,1.666030662074843,-2.557318003589532,2.2449527440293466,1.9618027120247252,2.2482153270707346,-0.12306633330872707,-0.4388536623778263,-1.8057085775625037,-1.9047356980599794,1.7881035757132124,0.3687292836806913,-0.0749409308735411,-0.10009232376855386,-0.09387162241059281,0.22178251885885977,0.8953844250222794,-0.4015062715953561,0.40895271377879155,-0.2596189647141324,2.7882404166996175,1.2075446497441014,-0.7562240219383746,-0.08364952116399764,0.05214886168715544,1.5155715183206924,-0.3231816785440237,-0.026588160258172778,0.27178542449263465,-1.011908009972377,3.0023946575003087,1.6916414880901416,1.01099658643597,1.5459528287088258,-1.4677013108843011,0.5365317964210851,-0.4022948151982702,1.213441357626573,-2.697187401194648,-0.807573002514968,-0.46432131865081244
2014Q2,-3.601510730429339,0.891055268982933,-0.16366612054261928,0.11723570616222218,-0.14902753196704685,-1.844487347638846,-5.505249698478356,-1.5651042259104926,1.4597813298379607,3.0568366193984775,2.8299582398976746,-2.7155144186460674,1.310413046010167,1.3290825647711282,1.832902885859123,-0.6879768601574628,0.166974334968394,0.023621179985340413,-0.00831441335696349,0.2750614309158205,0.0969344715546208,-0.27620332124043556,-0.3408610036160959,-0.21115229133414481,0.30950256973647167,1.3105914663080585,-0.5407656410931766,0.029521638833401725,-0.5606472901016671,-0.12459865153519611,-0.48761833516826,-0.02372830095094472,-0.038281584652059365,1.1778033105305707,1.256676354152872,-0.5942103189226454,-0.23580029274776557,0.3840413718851306,-0.8609314836837513,2.8188033272951007,1.164196703255101,0.5126120169663225,0.6964094927285557,-1.022753196119221,1.0896562625689759,0.5167167794507904,1.2340401151385199,-2.5956405601331087,-0.5096038028035118,-0.2325125947612219
2014Q3,-4.342607643087159,0.6597633497841441,0.3102447270372406,0.5585487499620624,-0.15242691281564377,-0.6905731642292143,-4.8230506352587925,-0.7977434276600089,0.7558997453784371,1.8228949827822003,2.8927295468638548,-3.0786783184267428,-0.07140627349301597,1.0170879611884454,1.1536385500451107,-0.5368229434130555,0.8350552007946724,0.027422851824634276,-0.028840171233863964,0.3047340004660587,0.3763231797287832,0.2682767929687819,0.15111867609813506,-0.3144203884171098,0.31371609207649986,1.6591378593178376,-0.7999567621969238,0.2731067887938028,-0.7856801581497992,-0.11507916728390029,-0.3471255698568128,-0.011970329853974282,-0.0017356601309939344,1.761832341077391,0.710240744501256,-0.9269175413312473,-0.3053626831894291,-0.08371022269775262,-0.8915263601998898,1.7788578578591665,0.793163483675133,-0.01565814100515343,-0.23225079677723595,-0.47684773756599236,1.3787002943456714,1.0487548076373812,1.2811489429328755,-2.4661374725398706,-0.5577110752572697,-0.0939605605964609
2014Q4,-3.194075837413203,0.5110226830217749,-0.14809785785794904,0.5686944800910309,-0.19819303455449702,0.07771326557969743,-3.6638125890332147,-0.5114315391154545,-0.3231724449314426,1.6197306354661982,2.582787386278573,-3.309188794543143,-0.6027436282705065,0.2785651584907336,0.47004384096662283,-0.6453362648866664,0.5491792478873591,-0.5353459270199423,0.010926700452008923,-0.07100644499505533,0.5979532910272427,0.37582124439101916,0.7055585656042163,-0.06181222751481933,0.11076503562754415,1.4559265093607616,-0.7602581185121627,-0.08908892595859545,-0.9781924210286471,-0.14686359443958993,-0.33056202849991373,0.063565848626685,-0.023174329873456145,1.6924214356655358,0.8350940730503907,-1.0766790652716136,0.05149276454542626,0.15419430296541148,-0.8842200827976116,1.663481991503667,0.252777710959481,-0.6843162304860191,-0.7805223119150325,-0.3648569142794716,1.6843690679595476,1.4660474839530488,1.2756925167319686,-2.5383388347852365,-0.553319574561239,-0.08211187466746983
2015Q1,-1.4641142846459634,0.8263439261803717,0.4833795757502246,0.033440659872928415,1.1718211332729058,0.1929443382796784,-3.8359087670537346,-0.48689760544535815,-1.066465182805569,0.5595099186582555,2.826575819012554,-4.091476513237283,-1.142131992852659,-0.4975773155721101,-0.7048552453757199,-1.3554746398010373,-0.16328913229799658,-0.1304956291140224,0.44611477580979414,0.22320483203719044,0.3718455445708461,0.3290621888954292,0.5645697211498505,-0.12174937659469813,-0.3021142453773041,0.3914616388978643,-0.5308184847475306,-0.047957431202401014,-0.5155320446265047,-0.10364806495484251,-0.5579710121400702,-0.00835897810832372,0.017063968109624173,2.145732533731295,0.952217348283574,-1.1991795254063282,0.02483207407674078,0.2867124379187422,-1.08804758845244,1.5750201143246205,-0.5988497965010067,-1.6499559825224912,-1.4524856061503337,0.1998240078185296,2.014707089672379,2.1614674817023047,1.2959282669137608,-2.26253969118923,-0.32257347413758514,0.0846303763234693
2015Q2,0.006467153510223848,0.6362108488487417,0.18151270926139243,-0.6764580189733266,1.3695372684443772,0.9860278443666127,-4.10202878229793,-0.40506730177932543,-1.0633640127092878,-0.042548939150329285,3.9617691582481704,-3.8910474421707115,-1.4616453970632473,-0.3516037259419607,-0.5591856158106284,-0.600241086756493,-0.2199795430385684,0.7242227206316967,0.4884251396847939,0.47285773198605474,0.7001368698144447,0.5724397595965139,0.9752327794198257,-0.04582893235620722,-0.299840598121991,0.7089694470505602,-0.6067676653538732,0.14726009570687087,-0.33037656333885673,-0.2748367465084898,-0.32860333853043217,0.015365510594493958,-0.031005829553578567,3.466323299759354,0.4455312467698223,-1.4957901282377992,0.14601080625765148,0.18715039651655094,-0.6493091376934893,2.4619935919339464,0.7341438340077809,-1.380981128891616,-0.7160140256086883,0.024850338348915684,2.3945684259370856,2.4927772216817528,1.293791500733658,-2.097650344311411,-0.26643102134939395,0.078017125011012
2015Q3,0.6664294552799551,0.5531061151279214,-0.3760627497831958,-0.4533688818171589,1.997781113318361,1.0939392123917806,-3.8921161623525644,-0.9191488653290717,-1.1259840941959736,-0.67998588328607,4.914531271226178,-3.5078593690718676,-0.8840904432522511,-0.11352421133226964,-0.7131065638173705,-0.018332446423289628,0.40929667551739124,0.40785905329783395,0.1716828337363341,-0.019212523443663084,0.5685982120616849,0.29398268570576797,0.6993367627551405,-0.03581311851609983,0.04904719548467082,1.07607176643339,-0.5899842175772861,0.11383787848353955,-0.7056573075368022,-0.002159112167712423,-0.45885683174801173,0.1409796609670899,-0.00448411610857673,3.639666342890718,0.22711980435066134,-1.7320141606079031,0.040769042472064886,0.15907271750520427,-0.600708956104576,2.7042424333544246,-0.7739201969973576,-1.1554807504628313,-1.5101364653723415,-0.48900596277564273,2.582576401346236,2.630421047695266,1.170664030413757,-1.75251375050349,-0.0534196115090268,0.0638893659903109
2015Q4,0.8953298845029115,0.42531771424840153,-0.44485957597912335,-0.6341881487244223,1.446929049385467,1.3421557576530654,-4.235762827286219,-1.5299412821177638,-1.0019316302279877,-1.4111305747833462,5.1469925821283615,-3.6963105556521465,-1.0937359903706019,0.051971917318420206,-0.10962920428370881,-0.7058132646196408,0.3433032688534238,0.18908644175033765,-0.026318030974118074,-0.3688340466096312,0.49262099779471963,0.2574808052186079,0.31454931739684927,-0.18851735838980566,0.09098474285010856,0.8461889231766154,-0.45407003720505523,0.265434166412747,-0.7274759012119878,0.09152755844952672,-0.5476027942333418,-0.047096513578651446,0.016192203925184685,3.172645971091439,0.31346613741697393,-1.8190222644483625,0.15040252327004444,0.29140527261918275,-0.8522562698801566,2.2402040884804415,-1.6429644849439242,-1.7786823365189195,-1.8112570159911456,0.2065594759919623,2.573566077050597,2.653137436296058,0.9886293778212919,-1.4459143981373763,0.10014067705109712,0.06615968525424794
2016Q1,-0.8677440190820772,0.4060557952196066,-1.428020826452988,-0.26425600928391973,0.38015403198276543,0.7764377627702644,-4.819897376696247,-1.7183824330607296,-0.5023986162930973,-1.0494277110644508,5.295701350762124,-3.4039555736201117,-1.2035585609919768,0.26373044713987903,0.06409870582145168,-0.5096402758134796,0.5665629333530761,-0.8473873736979649,-0.12635134520792593,-0.6397577260015365,0.6840461254976923,0.12529473137730526,0.230359958395259,-0.10888924578368177,0.3935327244760225,0.9411092184134345,-0.129842053443589,0.257067298595223,-0.975179354282299,-0.8053252328210356,-0.015180389079443265,-0.4227345306531182,0.004441891154152032,2.72600818242355,-0.006887045198834559,-1.9376371632563352,0.25358280699237334,0.8894790402353054,-0.9550304170498438,2.021112240630885,-0.9314705088932019,-1.5338120895744147,-1.6888019005190333,0.6237950917238008,2.260472642701597,2.43323601013016,0.5802108773852653,-0.9718718279343466,-0.17654029440251148,-0.38468520298437325
2016Q2,-1.633943172331955,0.8394076333354467,-1.5069958690838152,0.17391667651790343,1.1347918528716827,-1.0782951065476187,-5.279044401175017,-1.2986491774456475,-0.6923446246831974,-0.5346168404777655,4.1905914646532105,-3.4012361194842264,-1.556071025260293,-0.005208047296038752,-1.0754677689579013,-0.44582276987215597,0.6532972927607547,-1.3767173809583355,0.10629015863228712,-0.5014782477680413,0.5826709438768759,0.006569542479727908,0.0222017581686809,-0.12372809861481354,0.5169833247275443,0.26905564035906304,0.32732721766873385,0.26888984181778597,-1.0478952427253603,-1.5177502864427226,0.32579356561742484,0.06533289367648502,0.0011282406571657435,2.278767868228554,-0.3049475881762946,-2.4576592627492455,0.20223482321653444,0.7625411867863897,-0.9396984135649916,1.2938014274541056,-0.9382910881482083,-1.3330222229256863,-2.2027004026531003,0.5525599320582498,2.0703289035313617,2.3469055394381626,0.5823769221949169,-0.8327327142544227,-0.4954772495482625,-0.6011086199068455
2016Q3,-1.5811309212506155,0.971371896193558,-1.7166169205682935,-0.07603224591595227,0.17488971270435175,-1.301118968397016,-4.814554787532061,-0.5203486138505097,-0.8083453304805858,0.9377571793265664,3.4880589253605088,-2.847544859654762,-1.7585640970252043,-0.39344508098352476,-0.9200205276087837,-0.5355326609370302,-0.2058110367163787,-0.36932289640074417,0.40613345204823553,0.18959841059100588,0.3211929637547896,-0.20997044023148245,-0.3114762890239436,-0.17418607118504462,0.5631835235269331,-0.716089851287092,0.9137538229088192,0.43764557086391315,-0.6861331564826035,-1.136764305895156,0.12824323185636347,0.11581014513926408,0.03483148480930621,1.906497983818273,-0.34534149197166464,-2.282692568125091,0.5597230122606915,0.46106097462184986,-0.5682757115804232,1.1786990407700026,1.0413928443102918,-1.3684790955450163,-1.075998009579639,1.0118035103556238,2.1578020524671913,2.5930753157578996,0.6058066238648343,-0.8862327930790541,-0.47512700084104814,-0.5958719107176057
2016Q4,-1.6810072306210901,1.2749581542730164,-1.4566201829778072,0.12591504918864663,0.7618197243062964,-0.7466270424009857,-4.692680295869403,-0.03585845871592014,-0.7611512382270379,1.0501154145298386,3.5763784406606707,-1.8784278471090534,-1.8623486741479638,-0.46297930162741247,-0.9791751668697534,0.24620688814049263,0.10246655167112823,0.2506252909561714,0.24826683507076389,0.3257475535399118,0.6175075569482814,0.1755890489437835,-0.10190017553254076,-0.40296235277901093,0.7778079788009725,-0.016739369630518548,0.8720120326470467,0.8167245155223837,-0.4217147758559571,-0.8644610937501137,0.17618833805581727,0.015530649551044898,0.018137721146224483,2.2621901708992964,-0.3387872762635034,-1.5209140057287545,0.5485117522829467,0.5794286253729726,0.04823421125155301,1.1971282757425017,2.0287446964269322,-0.40465490261939224,-0.9650650189985899,0.4083962785961755,2.3150769386941543,2.6725263893368396,0.7892173255280753,-0.7844443982261123,-0.3578731854784447,-0.42350060994376654
2017Q1,0.41203411859018396,1.5518814160409573,-1.0423832704540266,0.2507270354062721,1.7623329088365667,0.00763950404048432,-4.822646135986244,0.6622515247617288,-0.9110947143503302,0.3321327472027427,3.3228888604985785,-0.5026055352765698,-2.0723398876752466,-0.6517276817699199,-0.09439028861331837,0.2235835265032556,-0.12831567806508568,0.15660959857629572,0.32165399429488045,0.607691278030758,1.16189884000831,0.7315213028828221,0.9718520804789863,-0.15819897255873136,0.3340812514206779,1.0641280879664066,0.2415895723941848,0.2280013651758758,0.09289466783963747,-0.5628766422334996,0.08617914747170709,0.17207695007989465,0.0011783267222850353,3.003835831455335,-0.6782480309396245,-0.8668487693289341,0.24536258363509436,-0.2874634565018681,0.5062067184853699,1.1623007906560583,1.502086075886182,-0.3566760713736481,-0.8230562740704057,0.015163373879667022,2.7364439838513004,2.8699206675221607,1.0086446505810622,-1.0311802397389542,-0.08594915641789314,0.06461605396625868
2017Q2,0.4712271712113883,1.3040802184011158,-1.194297931890794,-0.0750720259094845,0.6651404483513482,1.5070309649473188,-4.0582199493876745,0.6904361715280127,-1.5087628153857355,-0.7838468965367787,3.7782074476324947,-0.5356795914561197,-1.8515161503364448,-1.0033291172286003,0.5521406487211424,-0.18408498217803268,-0.36775381154155373,-0.07825909485212333,0.5112651281534842,0.9284110151878356,1.1437066229259332,0.5321325429193094,0.808462970525985,-0.07422029022275689,0.6176558806784971,1.0671297759089382,0.4036142761827597,0.28858339702846636,-0.13014056127576487,-0.13766777435205754,-0.10424965415233721,0.036537414717897405,0.016821466433030872,3.5703422625069696,-0.7240839082594522,-0.8563739011940751,0.4866020557489068,-0.38566661232997507,0.8220370356980702,1.0516796435856326,0.747223286234692,-0.9450527602681665,-0.9283824369288766,0.5396964825063775,2.9719508330001188,3.060924002033906,0.8479148556024226,-0.6658597019936554,0.2066600501855896,0.13836415597313542
2017Q3,0.10841533879980496,1.0036106737215746,-0.1513953165860852,-0.40106451029832174,1.3552390481027539,2.4574525900399724,-3.779507766206111,0.13209121422534792,-0.9760899972235019,-0.7606729272292764,4.20719907407747,-1.2419094058118159,-2.023055851062715,-0.4506453297016335,0.012032005756442518,0.08301857330373087,0.40913838368347194,0.1907849109787839,0.4800316433109287,1.0810065743982038,1.1471590499034494,0.5504588689353459,0.7376226631328535,-0.32913736831817664,1.131484317475066,1.4794090544810607,0.49857543679624977,0.624545850974147,-0.6144645759805606,-0.12464875280718113,-0.05342779576418156,-0.006965232508829153,-0.0034744433373879342,3.9106830362608824,-0.2662154947954889,-1.0027027581863674,0.12291666540674974,-0.3299739791459792,0.610167486849789,1.8469834374748595,1.6139324050631683,-0.736430415382046,-0.5655268692273924,0.3831314093579247,3.0272910981720407,3.3825934831256705,0.8091909127774263,-0.5076397465685822,0.569377242784456,0.3240404505827745
2017Q4,1.2255598655006825,0.9495518854019368,0.20042729434377785,-0.6244751254745229,1.345443522035282,2.922561830743883,-3.2085943034691513,0.40170681485560555,-0.40205854088534904,-0.00672245830174308,3.7649857101998134,-1.3448511247820756,-1.8159100883599313,-0.6150199938549598,-0.013641765408913376,0.0201471853356234,-0.08836598354415004,0.5052620771439692,0.6038372221637398,1.3109933816259018,0.9702122438311754,0.4928250571275144,0.8853306435070672,-0.11920778860632812,0.9463435877296661,1.3754206055178793,0.39991858017653065,0.31395519894320095,-0.6803442677372762,-0.1244382490557276,-0.16681584455770657,0.07375860301284534,-0.016831702400598742,4.153328695132839,-0.1356307072471889,-1.268562876234695,0.003970683971943538,-0.5142599291322487,0.7685992188254421,2.714584458521647,2.6885453180668617,-0.37760452801209193,-0.1214380064511797,-0.011016110019854669,2.8502260991094146,3.2841639053670275,0.863387341538708,-0.7588108145005484,0.5672723793276007,0.430503783754399
2018Q1,0.37065580612924737,1.4183468416988758,-0.08983533577753695,0.034836686794826655,0.9925653836446092,3.1801004138188986,-2.5516583455914312,0.028105684357465948,-0.5556486631538724,0.3575471243060619,3.6620601358238374,-1.7592211249156684,-1.586441415611205,-0.4416130606943311,-0.7661539165794622,0.19552783733008675,-0.12968475662731346,1.2163121761619988,0.2271777850045241,1.109209780139993,0.4419044671853345,0.11935131071089179,0.32900729702928605,-0.09158319471811423,0.8390329683586165,0.5665623931721396,0.5196390927723566,0.3220140871707502,-0.7926348053293477,0.16738589301796325,-0.4846569051284712,0.13419664046482124,0.00045824801740187933,3.753764867367208,-0.5051054717771721,-1.4571161732921176,0.06005626857795993,-0.23084558849671657,0.3031713236438495,2.314452852880628,2.360207207854914,0.07939577227679942,-0.7679535689096489,-0.45772625445500426,2.5464015091651837,3.032588123632189,0.8178749245409547,-0.7247230763503577,0.3783358119869918,0.022348147092640398
2018Q2,0.6027560316335778,1.3319367219431684,-0.13187931872333739,0.3606989028483032,1.1289396241099678,2.955004883183298,-2.288573938428344,-0.2570305116835057,-1.235740215663333,-0.5314347660012425,3.0175013034390763,-1.4153305972605006,-1.912593804091185,-0.25573626349699363,-0.5721652652727602,0.3369601662530402,0.09069377904592058,1.2581534052537369,0.09181322789624641,0.7569791885160061,0.15249091287410174,0.02741800212127997,0.07729558059739478,-0.2637368731013495,0.7826673054861,0.36962565706604905,0.4801442461262197,0.44840911780322495,-0.5881744337883308,0.24086540856879568,-0.539343818307838,-0.0020711254191481455,-0.017308973690712326,3.2738441742422117,-0.8755150315564436,-1.2793547957330804,0.18939872000738123,0.03455067564925347,0.32413653666658965,0.5188477681288949,-1.3217896043952875,-1.019529131231673,-2.398311195644728,-0.21529470010165588,2.366859181330191,3.255674570473669,0.7591227730098109,-0.5531689256098625,0.25310274011291406,-0.27396387190382726
2018Q3,0.6425453815278354,1.2189807815431157,-0.5335026212860757,0.13257064079895556,0.2233769905439769,2.8941410987262866,-2.4848719601166245,-0.13504042358101992,-1.4820095717695245,-1.0573208047772404,2.3389413459234727,-0.8749089080961189,-2.080578595876223,-0.7843413012142656,0.0459557325461581,0.04587161958651711,-0.289793037591265,0.9564791178890256,0.18988271917154295,0.5891222263204579,-0.05930794607640962,0.00848084544784114,0.09568352096333482,-0.037778037801706514,0.39603513139227536,0.0317119380654172,0.4010503454485231,-9.819961372520743e-05,-0.17848610814140867,0.1735075825629845,-0.43299268077683567,-0.007635106356089417,-0.016790152025743563,2.557473217961069,-1.3784972423806827,-0.9192723227844996,0.2509360793659392,0.12228893040735578,0.4078172637516415,0.12150014644277714,-1.6713964918719881,-1.717201970698724,-1.832668196747484,0.5299179369245064,2.0535802400994707,3.224978238975984,0.6189790251428228,-0.46372007181881075,-0.04057278124188995,-0.6033018069838603
2018Q4,-0.18790929404404635,1.4378129293223356,-0.805848169187881,0.35530313783007345,0.02025830743869675,3.074815314530999,-1.6316096330756098,-0.4998276096863817,-1.4499628953342085,-1.3462666191602912,2.0851088871508536,-0.8615389690959351,-2.308228884263487,-0.7595048374561322,-0.12183234329165855,0.49155885991558446,0.17858845552729155,0.8419163396414362,0.17595239026885423,0.284584108378005,-0.2811419350455793,-0.3150978136756679,-0.4616094631010701,-0.013635090257784088,0.340835231069686,-0.4482814681676776,0.5188763983730973,0.11263104073616266,-0.08897152052022168,0.19046027510023855,-0.4111930336238078,0.05585740848744836,-0.0232828895609242,1.7593756677130201,-1.4955006585283102,-0.9584682383731473,0.3209674918716083,0.14322412394168474,0.13089574201695553,-0.5856564396782434,-1.2459938188500255,-1.3289691236153571,-1.949809492090754,0.6342973919329619,1.769417704364365,2.697213414926821,0.5855060075199331,-0.34542410013738517,-0.3003083145473631,-0.8383886751774822
2019Q1,-1.9187276587946436,2.3645428616416213,-1.239490482141193,0.9180181089304705,-1.2580237273066859,2.9904519089113215,-1.781814686147104,-0.5923033130880729,-0.9890435637648075,-1.088559384613445,2.3470749737320147,-1.5345095470177716,-2.250726549034493,-0.6355097654442382,0.665457049643179,0.6119241472265153,0.19796396252533663,1.15367053110987,0.2509732976081526,0.1941546197637003,-0.3114183782145911,-0.3936678116654308,-0.7055792893266702,-0.2356566653355553,0.356495631695196,-0.601434492389986,0.5576310911208856,0.21369701283961798,-0.2575713592733934,0.1760212007983729,-0.5972777890511813,-0.008454517145223875,-0.0009018758933380366,1.4294098575166536,-1.0313814656621936,-1.1505370855291062,0.44521319504978035,0.2837772316993655,0.05875348591986373,-0.18894082212689392,-0.17727682172275094,-1.4869448028719008,-1.2820201292461764,0.8524515586617282,1.5705967171218174,2.2016450637999316,0.5610954361763122,-0.4749728285291897,-0.2948181546764248,-0.7287689310989757
2019Q2,-2.361231035220646,2.053021261480774,-0.8974799804522937,0.6771537972502696,-1.4228816066481027,2.9015092641739955,-1.7354913125952234,-0.7436346006804571,0.40758138400969585,-0.49065228106273406,2.5370233929471233,-1.657956295961706,-2.0389761936838813,-0.6323945318321608,0.5089048243407309,0.2533161861647914,-0.02430319842306795,1.877213218824023,0.24027030248681525,0.19376248914765304,-0.1698299781419285,-0.10948088430913772,-0.21566945940296792,-0.09109243399559591,0.059213642099891085,-0.7669994993866155,0.35749626139120655,0.11112003602429586,-0.22855681090174404,-0.04991356701254183,-0.48656799924913424,-0.010296715874442362,-0.02151419229418393,1.1201604694684075,-1.3261266381124628,-1.174440724493345,0.5267147511949887,0.7717705309454997,-0.08681937942897883,1.4369780242933292,3.3770662588552582,-0.6027068770773772,0.09842682170248185,0.6592835969089258,1.4337127363549331,2.1640006499864053,0.33574058646929306,-0.4264499936738903,-0.5331694598826275,-0.9151471922133113
2019Q3,-1.7533013929162415,1.3102600374190503,-0.7335136460147242,0.6518759462597296,-0.3378562910538765,2.1695764075721304,-1.0979428771208914,-1.1800742202623173,0.5522505577464843,-0.7535387884694235,2.2248219006009395,-1.8307921159855252,-1.8514707597164344,-0.5658849780518838,-0.39171665167939906,0.08607493919623266,-0.5100936129867891,1.6151758633779723,0.35792600158125487,0.18604283951751963,-0.29170173482706124,-0.127076705004078,-0.12599708281074487,-0.0010412106557210292,-0.00769324908829049,-0.5177704883189014,-0.07055576214222166,0.24769286601472174,-0.22324544673127986,-0.038362379397798664,-0.41240835404277126,0.022129638027067258,-0.00829803654633906,0.8405127015552759,-1.1300745335266047,-1.5663186275635514,0.6567786486859726,0.7564314978138788,-0.34558334321761147,1.001093257708507,2.649202686429032,-0.22623018826356148,-1.8274335086265685,-0.30686332458795573,1.218726430157152,2.1335646767905097,0.3714004564857936,-0.2555949049641138,-0.5458586731846949,-0.8330682371071498
2019Q4,-2.161012404175963,1.2424631034354974,-1.6895750751433807,1.4382037127929088,-0.7916480820764712,1.9018711580004248,-0.7312232279721252,-1.621598534379725,-0.16787587864760212,-1.8734849490325842,1.9224058965214514,-1.7205231246844994,-1.365629763650885,-0.6539326043377263,-1.1502757696918386,-0.5134398168104476,-0.6710726478107688,1.3240182275526309,0.26149374563037503,0.06767277393135653,0.16870404701693228,0.15045012704769323,-0.2797835554229119,-0.15189431417313717,0.4719643892173382,-0.25015040312542686,0.3860465357186615,0.3487269744368633,-0.6813758708327248,-0.07144901794306903,-0.4095245498622521,0.015424659495411414,-0.01124537613191031,0.8729040299688169,-0.7732980227393784,-1.5388689817646577,0.6327384935866366,0.8980775024213784,-0.46949277045871285,0.2815526296390261,0.7758260084020528,-1.7668856936226824,-2.263383117864139,0.9239011222782944,1.3469370696327445,1.578297028131119,0.5247230940345305,-0.17597855065719983,-0.36127568552156886,-0.8718225510153327
2020Q1,-0.4949516069007236,0.2356094839994688,-0.9245294332193984,0.289879884092954,0.34827210352112764,0.5548262927786589,-0.0041047320677056005,-1.4481835449204759,-0.7553755476769815,-2.2664454534646317,-1.7062401387575727,-0.6959925769995495,-4.320747828873169,1.3081133883911182,-1.6096397157902735,-1.4062377828190085,-0.13042492773795225,1.0008394342165665,0.11607918779142846,-0.16236489816571525,-2.689914916966423,-2.757538319908619,0.8561028650814491,0.9765615911212121,0.6826918763401245,-2.704743578697108,0.6982513609956803,-1.3944264430693976,-1.1559548882192456,-0.1040790772006638,-0.32471745321716655,-0.0413736833753766,0.007055420101894684,-1.145845047213724,-2.296610498341523,-1.9536804708623394,-1.1308480122191928,1.3029713472942306,0.20846652369247046,-2.1496742080961577,2.286434396483658,-0.047806527248905294,-2.8577881274153314,0.4124196373862112,-2.700201771243016,2.7263643477714488,-3.45028731204197,-1.2752216097647622,0.3908035190549642,-1.722119013618933
2020Q2,1.1088858428518813,-0.09378091453967953,0.9026267760824225,-1.2685038890902633,2.027870837180703,-4.366696156348435,0.17803754648491035,-0.34201412538644177,-3.73736874879568,-2.1129209627930154,-16.222707002453024,-0.41917760269543897,-8.270963811560117,-0.5044801951881676,0.7853698968140169,-0.04210045872588708,0.7971956447040184,-0.090812925562704,0.18876837417429929,-0.5536548156666552,-21.21132032956531,-3.963848000966799,2.3205830792494377,-0.1737231808644161,-0.40124857593629226,-13.62629624153365,-3.386249981149106,-3.028707656743007,-1.0628724345439644,-0.470867642201432,-0.19275345396669818,-0.10170466662948531,-0.00343003333361584,-11.884953494977134,-5.433775908980174,-3.2652409833976215,-0.4402786503667471,-0.17640415703005022,-0.4775512200887868,-11.755445051592256,4.357826722208238,-1.6563035217629505,-2.485370068507932,-1.1379121261151057,-24.616871050886402,7.1563351800995365,-4.4114784528513775,-0.9578700679380606,-1.6293034276442249,-0.34954928538743535
2020Q3,-0.28854001729847417,-0.7332949032086976,1.8144452291597026,-1.72805969816977,0.31043142815422503,-2.6221277619714427,-1.0017503080962031,-1.008596818129386,-2.2434656286877566,-2.2808927328260915,-12.285533675027592,-2.6448787510119263,-1.1260823376624913,-4.2582694738126365,-1.7483553371623113,-0.5167185437469115,-0.13863895431379672,0.024177114944191353,0.10096530775088629,-0.5026735227131468,-17.58900414687261,4.162220262196924,-0.6475853778135882,1.5853296990167653,-1.0092177837169454,-11.303144234579088,-4.657252609393319,1.2831049241250365,0.8412143903895805,-0.7177003423250952,-0.15905345151797398,0.01790278915973757,-0.0011374694181491638,-9.42539077663009,-0.16769848204546087,-0.7565483737597444,3.064352607528702,2.5011505942619094,0.3556993248150275,-4.9469248181978385,4.013144623695438,-4.437924854241165,0.07010278099360127,-2.2628195770535346,-20.54905167153404,1.6783238067722968,4.93112800149041,0.07124485443663975,-0.4414139839960167,-2.214738621584896
2020Q4,-0.7389343827513649,-0.6003587575079489,1.9599104021956713,-1.4581049614434527,-0.18239082014395455,-0.39854191721994087,-0.07391492914591509,-0.9957022795331697,-0.6948153091887193,-1.3398016116144333,-6.858934518426307,-2.6756054968643874,-0.5552886894675978,-0.813829706860446,-3.227112345436859,-1.2773896218061365,0.5046935051619327,1.3174629419697086,0.8621592744052381,1.256866144431937,-11.842567845282941,1.2245200805898222,2.182933825492843,1.2823774906180896,-0.22736923676015874,-6.487122618239344,-3.790784760977612,-0.3047166366220316,-0.4476325139248725,-0.674075298666776,-0.19823232032070914,0.026526491180829195,0.01042550401844492,-3.225036851093382,0.645298402209391,-0.7010199559871143,0.20472640734392353,0.667694508260266,0.05799369634590825,-0.7159161887225186,4.160930942423044,-2.5260078032282,-1.0148161597783292,-3.1571429301677227,-14.661389021398612,1.7122409673572327,1.193900190857378,-2.681742169130191,0.5565318052097495,-0.5142739655843841
2021Q1,-2.057619655428528,-0.20933171117191393,0.8863648825657915,0.7907231700978948,-0.1692130151282127,0.853133110759955,0.285164390577724,-0.2341931291130228,-0.5378934360518137,-0.6405025262029601,-3.888728008612286,-2.7810390435439643,1.7541531920858275,-2.368453986032758,-2.361321381250827,0.06526534765525911,1.0427086492083502,2.4287376757703805,1.375950054666269,2.073120130521499,-10.004598307360663,4.077082849443324,1.6635102110278723,0.030246611474671337,0.09549989002100494,-4.097888640967212,-4.25964112039653,1.4672133450700968,-0.28670053597561723,-0.5008346585292288,-0.1620626613430493,0.12176437586614501,-0.020491026625629096,-0.4941888338882217,1.6044510802355143,-0.027487699094096613,1.7273324723816366,-0.8697475532791756,0.4487806980849811,0.7873748895035332,3.0155721434402096,-3.9249244917131176,-0.4310334211032232,-2.6152868687337967,-11.974882584686156,1.3622249839128358,5.497070952447106,-1.5480055574936704,0.40446081476085993,0.5292933246882616
2021Q2,-1.7837237420906262,-0.5475790547636272,-0.5732306499313484,2.441883285361672,-0.812741556251198,5.18825291140883,-0.5004090163720396,0.16165529171225074,0.9661256201871975,0.16728118740894785,10.559188649195821,-2.335389964644413,6.890538845849787,-0.4124281634921451,-3.224189490353291,-0.4538843177710932,0.7036693728610871,3.26109402499671,1.2223992252589582,2.2804554431143704,9.381049943298919,6.301530166146072,-0.6981771020434525,1.3307634662496166,1.2794801398368274,8.068968274863407,-0.09023278036798743,3.4171953728552023,0.026743074405139566,0.17019213971163286,-0.3833753768469716,0.21926206959443148,-0.001441994495307887,7.962517168780842,5.5241991422896985,3.3583396238383596,0.7054096088823251,0.9208961518263822,0.8697326031909111,10.295967623059846,2.166863528683754,-1.6302038458904768,0.09431529120788647,-0.9357277004997551,10.190357188666948,-6.917262828873661,7.63581083771298,-1.9861851055967767,1.834013754326035,-0.26192282818668416
2021Q3,-0.5622112388263597,0.44904338414490663,-1.9805169510024971,3.649131825463306,0.28224249018709097,3.977574726144082,0.0012005115331366982,2.519971641297928,-0.7216431030513565,1.5764882751126903,9.075408335078793,0.5610883470206104,0.09258133556714299,3.380654957986104,1.4223579527178927,0.48244421930015413,1.9934886950449497,3.0691207361533444,0.9687168789681891,1.866050452913193,10.914863232985653,-2.4625318904367064,0.5520946192663009,-0.7097908282147712,1.10599224404786,7.430114540897892,3.081022146006895,-0.9151607764049648,-0.9156015908977703,0.5297526133629936,-0.5883147410105374,0.05090690361428913,-0.013654423465361566,6.482733613964547,-0.014543786592707312,2.1703050233323817,-2.326646805966206,-1.5943598393960354,0.1233940359219745,4.043679737542853,3.871140512019768,2.304520367666131,-1.9145136352990872,2.0053351918979394,12.649917610985176,-2.336454595493412,-2.051160330715837,-3.246850942139986,-0.7080163026807477,0.6205746806493283
2021Q4,2.037127054888412,0.35342686434143317,-1.3637268936648093,3.475912930630118,1.9289182989378209,3.219244819797034,-0.6051812785670703,4.184403261649366,-2.160023233336103,2.4567552528028602,6.761890005970426,2.182271169893012,-0.6030915581053513,0.09039467092289356,4.53621164933686,1.3914761433924732,1.2823428328692206,1.8267307129103967,0.0287871186178853,-0.04823148062115523,8.407994756438693,-0.5995593766206064,-1.6484334336164637,-0.7532279891658021,-0.6437236357439152,4.630327213328214,2.2710008796029606,0.1991998465078094,1.3098140943571985,0.6031065369761043,-0.6232065593989325,0.08337956623231864,-0.041391354675273044,4.567968437120498,-2.733210419107048,2.6872382073354277,0.7516369996486775,-0.8172994832885653,1.3471723032770904,0.9715210814440871,4.597110795162714,1.7727654919565214,-0.8872829347165127,3.241595119167829,10.65040734031694,-0.8648631070725118,-0.02729352383847002,0.006297491801744011,-2.6843147565855294,-0.6937628324749184
2022Q1,5.040667070141079,-0.43893293199954014,-0.5126348849251379,2.077266080643429,0.8162632116270966,3.8170101624452433,-0.06020031011539658,4.8585667824566805,-1.7196652085457211,1.8760864452679211,7.595546624154822,5.019304945865113,-0.3473686772136994,-0.32831596160700355,3.369775319848538,0.07352139809439785,0.6601800445966938,0.9249743897319208,-0.25299288107251455,-0.47476363601569727,10.21221893796985,-0.9513241498371636,-1.8875937055852283,-0.4901625145339373,-1.6987082680221268,5.634126048473877,2.3380983539514,-0.7626491014337398,2.2009046394940537,0.7899249492618683,-0.7185137524923233,-0.006619558851853585,-0.0008054558500753331,5.540093308251477,-4.411320031761411,3.7521058031152266,0.8738300819325756,0.03394536878487693,1.518836437902448,1.7271346626177955,2.9040779468338775,1.6160041745621072,-1.1320593363026832,3.5325271170915777,12.280424585364607,-1.8800853325503948,-1.1435596780778903,0.702533389999342,-3.599778643530304,-0.43143285264037184
2022Q2,6.288317590723216,-0.12805543839682346,-0.9811877154665917,2.601497820781523,-0.9093625711635837,3.3988810898531496,1.6686329141965348,5.9770341963363185,-0.667442327183506,1.6517509863783548,7.215649854027132,8.377616356998365,0.05539598529478806,-1.5678124898845827,1.3842547308661814,-0.4774167129014238,0.6956000813963842,0.8333825092686528,-0.22604326842427916,-0.32499023402627536,9.903443994417858,-2.005647627732087,-1.2283356508551406,-0.6929139459975233,-2.7779094837083185,4.666466850582296,1.7378136532589405,-1.4804077637859405,2.9192814662010296,0.522807327248941,-0.4699308044176828,-0.044945258744040845,-0.036038887608808905,5.822794942943648,-5.185517228678894,4.895143763075732,1.5482085455285357,-0.1946157572747734,0.5966974041589659,1.9493951639065266,1.0268532638112884,1.6444698342965303,-0.7007522049730656,3.882371123488381,11.922039334546007,-0.9877686334966076,-2.7220048126086227,1.946171528312237,-3.7079098112909965,-0.22777686627500257
2022Q3,8.485288655698403,-0.38635736773950197,-0.522665612085012,2.3370442171491117,-0.4310999991362439,2.9299610094778985,1.7096624995603376,5.263765200035574,0.1985400212906531,0.5447429661347799,5.969444604245531,9.889537210242494,0.48303077844070264,-1.4547188878516397,-0.8059848885888904,-1.1936379736358367,0.9438933339013378,1.0126211950634252,-0.41425843257085404,-0.43298124911324853,5.381380846634596,-1.1101727880943548,1.0442512478285213,-0.3173008320291186,-2.7124849772823,3.0273446396269477,-0.5256564329168513,-1.9952369011366802,2.3242166679196203,0.4637116333634608,-0.3097809774193651,-0.024635204335183142,-0.014361258555806082,4.83915440223454,-4.908273760017431,5.586779691263115,1.1856263927439912,0.7522471902094994,-0.16890860341113503,2.9428679649930687,-0.007068957522961106,0.9734750415500378,-0.07418233703098033,2.1116932653430864,7.069696990213951,0.9071354558453361,-2.7190513753204395,2.913349134615455,-2.283178051488864,-0.2193498408061392
2022Q4,7.879713365758839,0.016773482110417914,-1.135867461993486,1.1582163829447136,-0.8605394967841207,3.4235601035263072,1.5832087988917385,3.5802317788345484,0.882315227090805,-0.5325270937161862,3.321499803268864,7.746615640713807,-0.41879904588329814,-1.5137697047180072,-1.005559697107557,-3.1794027478108853,0.6274807979763692,1.0835061820306453,-0.3409372653467191,-0.4184412481927103,2.1639254244616355,-0.2280953125628108,0.7893561324582934,0.2888230001338214,-2.562964737738639,0.16861320078373368,-0.13379781511245586,-2.010875195497343,2.2417315511824274,0.39899663427478366,-0.2451226390575809,0.012686422941989767,-0.025991812822013415,2.31412255761235,-4.394467828326319,3.8428622654277986,1.4702901362655794,1.49542377453164,-0.8228257869094436,2.9593321240004986,-0.2946896755089837,0.6741940334975213,0.43945912917716984,0.5664200286410708,3.5642216222822256,0.7630827341014266,-1.5644190817345522,3.394895656343174,-1.6166444907328599,-1.054982252069448
2023Q1,7.1584825107336405,0.01850973692993002,-1.8010335044232624,-1.0641951833470602,-0.8382657388734586,3.2811691799981397,0.9444286414616144,1.7352636799260497,1.5131539301204444,-0.32243247628388133,2.48359823601053,4.559892499219807,-0.4554333368824981,-2.0643570110712073,0.016939607704799447,-2.82278620759069,-1.024260459488387,0.5584490846728559,0.16766262205053414,-0.36908474561272286,1.5963699536241218,-0.13309703739992576,0.1931988641545981,0.2113089744979384,-1.6649924899203807,-1.5969119088117243,0.9146684400585183,-0.5940549977589235,1.4920111186961815,0.6453530894112264,-0.6306758846509724,0.2450023340866129,-0.031911739127248005,1.2610897040684457,-2.4354521907677458,1.0869809519477527,1.744123592040583,1.8963745626479174,-0.9236632295188852,2.8096192380277754,-0.43622746970283205,0.6099411426490635,0.6365475792102352,0.10932724107308596,3.3365008957990434,0.4653964817276158,-1.0245330575673917,3.584808094290141,-1.0433327181920753,-1.2632335878339427
2023Q2,4.8286594189291545,-0.05533771484754335,-2.708873469001341,-2.9969848259977496,-0.7192594551275778,3.6451692385147445,0.21781144850532927,-0.6311287671288285,1.4038864277820757,-0.48359722045828196,2.276780222544262,1.670769095437892,-0.6583447553299734,-0.5992531985227668,1.1861263456928646,-2.051495850127145,-2.430274510762245,1.1510393263282075,0.20258984435113073,-0.2544031230303871,0.5230214643250077,-0.9727971381631982,-0.7403747732565357,0.09716146194028709,-0.1396682841019052,-2.2240394947035687,1.8512571288291018,0.09941331906622891,0.06382571058022102,0.9264825466879797,-0.895400896297999,-0.02474479384389096,-0.01915514618832612,0.7624328157532051,-1.525421575615006,-1.6888490071754199,0.6155050690840711,1.9017738894876643,-1.0799372141444339,2.4884287105526095,-0.2776044542682872,0.6146369453139225,0.6568976750111069,-0.3788735233855554,2.5844975502077023,1.2878879365960307,-1.1714400220554733,3.3072771536361665,0.03568520883299107,-1.19517503490962
2023Q3,2.266086186639441,0.3983908013822468,-3.4133405772489276,-3.7840803049325777,-1.1028821312799426,2.6907641610129702,0.5087665880774255,-1.5128113809507029,0.1723174698498853,-0.47911906412744343,1.6070391697194155,-0.04111036881345955,-0.6898390777030233,-0.3453336450498708,2.0548565347795282,-1.1485452204234117,-2.922049620233278,1.55107546155826,0.1720894590584324,-0.17466330752537043,-0.43263548743902086,-1.4025832059703414,-1.976212982119633,-0.2913064400613558,0.7238706588111651,-3.040188765706898,2.7304318383851913,0.6062087288173162,-0.32231049510764004,0.7657645872138827,-0.7966648650229514,0.050185109781474224,-0.0564624609271418,-0.695907789438167,-1.3480026988302256,-2.78719981699785,0.9726390837977128,1.8561840271735566,-1.5217299009425993,1.0277461736378721,-1.4666098219599846,0.48411209740188993,-0.1296992583811822,-0.6605874087135888,1.848837841011864,2.041960343577195,-0.7978797404999312,3.727056987091687,0.40645386510465126,-1.4815423276447237
2023Q4,1.8082580363993987,-0.39325417110927763,-2.836653426519163,-4.297907744892208,-1.7077052215273338,2.117092610175844,1.1649285873589454,-1.5267935994067414,-0.3867261716502983,-0.03832283874744785,1.4760023689288129,0.5773518234616658,-0.2807077003747191,-0.5436614341131746,1.2800268770847163,0.29230388234954147,-2.656215944365654,1.475876355874122,0.28146537968227286,0.025969761789191467,-0.47286822859305494,-1.2274267444261524,-2.32395744836881,-0.5272294880633551,1.2359353496352476,-2.6344742389422042,2.3691630235764483,1.2215958502660997,-0.6007108074688668,0.8497637909767054,-0.8953848671151304,-0.0036522120209602493,0.0017040673665406774,-0.8027344330840501,-0.40431452112613414,-2.683037423309306,0.6040484588009232,1.1445429022414346,-0.6268942762218005,0.056883650693739074,-2.384297074522291,-0.2810098029801084,-0.0852440467203474,0.13929223009849276,2.0238143661990606,1.9030155292522641,-0.3820273918447789,3.1136377611033694,1.0852461911269857,-0.5961122281790804
2024Q1,1.359324875537233,-0.30806869595292286,-1.9886523303341395,-3.799666578395352,-0.7761504162653097,2.392113160746991,0.9014631826086404,-1.5204691763505915,-1.0169955068652594,0.6029158750467233,2.2129331152128278,0.64433772562076,-0.24227031249872366,-0.3053673670851964,0.8964084248199423,0.7143666911979202,-1.4289310403596882,1.232134276597904,0.39112560955745074,0.2596205192893288,-0.126990869480037,-1.1013860123172938,-2.0343615573419833,-0.547700680482229,1.4757702764714444,-1.853875100723189,2.272647926444726,1.099634213413706,-0.6451294114271972,0.22779305773293057,-0.3710694094953204,-0.29061928924868813,-0.02833016760617525,-0.15942936482532677,0.024410602108666354,-2.6162521809129706,0.23326731346702453,0.157477875287645,0.03291702974187766,0.2703366336959497,-0.759097232587147,-0.02660226827453588,0.36016258172063315,0.45845928640435846,2.2649414766407396,1.8882029514893894,-0.29784624356959805,2.138499312941987,1.4044965799308826,0.09881555941086413
2024Q2,-0.737178901093167,1.5123615690403784,-2.049359629096135,-1.829486026217871,0.6621090007309419,2.7340661529863772,0.7657932225726398,-1.3954099564413653,-1.7688800563346347,0.3778335103947579,2.568422912501813,0.7677311929137808,-0.47707935899575116,-0.13210577378305896,0.7159663898979863,0.6354603979353404,-0.4426597665104166,0.5763705867445263,0.6301334727754361,0.32135962887168806,0.22708013565794008,-0.4473147392579202,-1.1817368114748368,-0.6609381430631817,1.3264784650840977,-0.8856436472617305,1.7944668192628048,1.0886794212654454,-0.5404109125211125,-0.1686838996856487,-0.02162280411515656,0.018317948633675637,-0.010853349601473097,0.3776702645801841,0.46737674839713783,-2.3221342981749906,0.1438537977890078,-0.009949759641547038,0.25284616727116543,0.18373747389021114,-0.3177799985268103,0.36066826603613683,0.1475392360084356,-0.066053366217014,2.0865788802485694,1.9157639708523455,-0.09323964078310552,1.7505780356181926,1.3882548918032864,0.5121898914650748
2024Q3,-1.6652397298089767,1.8721030833086039,-1.9695418904292914,-0.9531710977679989,0.9768903647397905,3.3480395524359974,1.4105629585613837,-1.5905127115159534,-0.7084607496858716,0.6300716037843183,2.6743634647170365,0.21395607024090582,-0.8222428224378849,-0.7118085907941701,0.1639044941236094,0.22196029991491614,0.3276486167362272,1.244093983131129,0.5202020709022852,0.4510132671800497,0.5960641949496343,-0.030782581205666983,-0.28977257042193266,-0.458918711383594,1.4317151527756835,-0.07355655202683674,1.471861117099978,1.091396932339798,-0.9604330079423642,-0.1344897849759716,-0.11007785318515978,0.017043715709222713,0.004025129179638089,0.8195830531458831,0.7413891744182225,-1.7957005762642806,0.02552549252017094,-0.33878994155953435,0.3926626670470447,-0.128779466710681,0.27136014516548174,0.2584145299951576,0.563966709651223,0.3266850125043735,2.3489991028664936,2.1710239667893716,0.3325543075633766,1.066786977892901,1.4632309171208304,0.8726774829992482
2024Q4,-2.993673312585745,2.5521134109528307,-2.4321695548237003,0.4074276373977486,0.70240790712761,3.7825104728106993,0.08673836565774895,-1.3496792028023303,-0.8901094898339901,-0.08211684427102865,3.77585483315028,-0.6033296759516799,-0.8387727824808442,-0.44946511930773286,-0.3775832002679933,-0.46844877528345824,1.4735688538741492,1.4872391199091375,0.2465797423874266,0.2408577123106951,0.5333328342185323,0.10664744509263308,0.04276567808339179,-0.3503556458291622,1.1293324128250968,0.5150082030709499,0.8084717818493137,0.6334851066060426,-1.0204673441767647,-0.10408719880918617,-0.14154176066485893,-0.046477320958053715,-0.009810092633449867,0.8227945642778541,0.5911152736790561,-1.3739934022568494,-0.06088399206378762,0.38006625187387005,0.046521985674865485,0.04153548776012872,-0.15820268023928438,0.41887956091858825,-0.0010226369462206786,-0.280447258239867,2.2288748173604387,2.0822315146253607,0.3118737574425365,0.7446576581924685,1.1691020379232013,0.5911834554287377
2025Q1,-3.9115883728554777,2.93359306689541,-2.925126957718002,1.2071146722738069,0.2434457602951209,3.93346042818207,-0.7879068272537323,-0.4116270002984416,-1.1675378182705263,-0.6689152649418714,3.387947587245055,0.49246168692684184,-1.354382952532352,0.219332705257963,-0.6555295602504501,-0.816978388375845,1.2748761250119627,1.1856008360182317,-0.12950204793614695,0.04004205570424884,0.31542092491036927,-0.029877104892883918,0.05086066789100748,-0.26480797855002686,0.7222640215772435,0.8896463121901146,0.32401167365382527,-0.04330255590167207,-0.7837916345379478,0.01593391784400419,-0.3288535661364978,-0.021533987873361,0.00044983542410448156,0.16348899831039446,-0.7744381296316102,-0.8204559174006488,0.13022312694774155,0.6893002920799476,-0.5632110455970082,-0.5739644393815033,-1.398270856823922,0.04268975963795049,-0.36868651032293087,-0.7737454613363256,1.862013691880352,1.8778699126400198,0.25670919190770247,1.1439894361132188,0.5524569983697171,0.07158902677372798
2025Q2,-2.0380779663685344,1.827596710099982,-1.774854346295897,0.12359420839195545,-0.048380385925435865,3.844235561205029,-0.2713452658569857,0.0631583869025415,-0.8342880579865142,-0.32743166704859594,2.563132790465302,1.574366969406752,-1.5225032343569007,-0.23556471894825434,-0.49680148382757694,-1.1047224414279384,0.7741997944574117,1.2156137890838015,-0.18982870995123166,0.015827906122848675,0.19949290687533294,-0.5852263096131565,-0.40208938049565185,-0.16491708347780665,0.24557705504791152,0.31802687720823003,0.23594831063563448,-0.4267172397318498,-0.590901567592546,0.06258961022451613,-0.4568814419073591,0.019742205330383757,0.0001273692749642338,-0.19543449933400595,-1.2689601090579314,-0.5993187549515265,0.8658259282654659,0.5756785882814127,-0.545396100500284,-0.4602067070086062,-1.2674133431105277,-0.12408270892420219,-0.26937115382455507,-0.8993523263354383,1.6779449710016223,1.8554171260710575,1.0821445158006584,1.1714134039182136,-0.1767047926390383,-0.1648931788955695
2025Q3,-1.13548952231431,1.4505827573273624,-1.1866625667709176,-0.4385824404766609,-0.5537152949406616,3.8167946734380336,-0.02527371362605299,0.5084754083379464,-1.190068689514643,-0.47821698717664846,2.0185862354438417,2.5901479842227624,-1.1469723883614973,-0.13819357098723534,-0.12942984478931546,-1.2524645103874796,0.4288843883836652,1.1163229846779437,-0.060994541386002986,-0.016902551752161748,0.15795797110426404,0.037761958174471234,-1.459249603856507,-0.07664595391134564,-0.21466109404996328,0.010642427283454296,0.12257698348560124,-0.16859285616746847,-0.0024826233990109803,0.055199505170174856,-0.4459478277152851,-0.013789594984999496,-1.7922977821524806e-05,-0.30065131077679164,-1.37257771276984,-0.6800814129800671,1.1208842746883716,0.5632696860705998,-0.29804401634159844,-0.1762735090671912,-1.213060469718392,-0.06757331206620058,-0.48065347376934975,-1.1001034902614635,1.337465061747974,1.7003188541629584,2.0558830568145487,1.5625101225841014,-0.8492722527628471,-0.24166296574017423
2025Q4,-0.6594993356553686,1.204697033286417,-0.7279991684805962,-1.1155454826276028,-0.10358724895486811,3.704060690377679,0.050074745839000456,0.6341144128822789,-1.030180830644046,-0.0750563575333391,1.1519321775558407,2.95401344646297,-1.115926176342563,0.11640610218333192,0.17250632563514914,-0.6094370574350846,-0.15356461763856283,1.078815434761018,0.0658037925448285,0.054784150750086656,0.22456311719164498,-0.07088732196558505,-1.2815825515052925,-0.12312031885012135,-0.035016466586241114,0.04535971174237657,0.4748451909111521,-0.13249199545258974,-0.020845713267507893,0.048971528602501015,-0.411207793944892,0.00016979543914781686,3.868863569042614e-07,-0.30173992096905816,-1.616197362294784,-0.5771268531226609,1.0389048749910537,0.20555173231844995,-0.4336606073727483,-0.17287108864236259,-0.33961124218670286,-0.17078018812365872,-0.14942524432944918,-1.0709473854652882,1.2299755286865601,1.6982207896636599,1.6123761032434007,1.6979201825285992,-0.9652122135540476,-0.16148075858335934
