_date_,fexp1f_h,fagr1,fagr2,fagr3,fagr4,fagr5
1995-01-01,NA,NA,NA,NA,NA,NA
1995-02-01,NA,NA,NA,NA,NA,NA
1995-03-01,NA,NA,NA,NA,NA,NA
1995-04-01,NA,NA,NA,NA,NA,NA
1995-05-01,NA,NA,NA,NA,NA,NA
1995-06-01,NA,NA,NA,NA,NA,NA
1995-07-01,NA,NA,NA,NA,NA,NA
1995-08-01,NA,NA,NA,NA,NA,NA
1995-09-01,NA,NA,NA,NA,NA,NA
1995-10-01,NA,NA,NA,NA,NA,NA
1995-11-01,NA,NA,NA,NA,NA,NA
1995-12-01,NA,NA,NA,NA,NA,NA
1996-01-01,NA,NA,NA,NA,NA,NA
1996-02-01,NA,NA,NA,NA,NA,NA
1996-03-01,NA,NA,NA,NA,NA,NA
1996-04-01,NA,NA,NA,NA,NA,NA
1996-05-01,NA,NA,NA,NA,NA,NA
1996-06-01,NA,NA,NA,NA,NA,NA
1996-07-01,NA,NA,NA,NA,NA,NA
1996-08-01,NA,NA,NA,NA,NA,NA
1996-09-01,NA,NA,NA,NA,NA,NA
1996-10-01,NA,NA,NA,NA,NA,NA
1996-11-01,NA,NA,NA,NA,NA,NA
1996-12-01,NA,NA,NA,NA,NA,NA
1997-01-01,NA,NA,NA,NA,NA,NA
1997-02-01,NA,NA,NA,NA,NA,NA
1997-03-01,NA,NA,NA,NA,NA,NA
1997-04-01,NA,NA,NA,NA,NA,NA
1997-05-01,NA,NA,NA,NA,NA,NA
1997-06-01,NA,NA,NA,NA,NA,NA
1997-07-01,NA,NA,NA,NA,NA,NA
1997-08-01,NA,NA,NA,NA,NA,NA
1997-09-01,NA,NA,NA,NA,NA,NA
1997-10-01,NA,NA,NA,NA,NA,NA
1997-11-01,NA,NA,NA,NA,NA,NA
1997-12-01,NA,NA,NA,NA,NA,NA
1998-01-01,NA,NA,NA,NA,NA,NA
1998-02-01,NA,NA,NA,NA,NA,NA
1998-03-01,NA,NA,NA,NA,NA,NA
1998-04-01,NA,NA,NA,NA,NA,NA
1998-05-01,NA,NA,NA,NA,NA,NA
1998-06-01,NA,NA,NA,NA,NA,NA
1998-07-01,NA,NA,NA,NA,NA,NA
1998-08-01,NA,NA,NA,NA,NA,NA
1998-09-01,NA,NA,NA,NA,NA,NA
1998-10-01,NA,NA,NA,NA,NA,NA
1998-11-01,NA,NA,NA,NA,NA,NA
1998-12-01,NA,NA,NA,NA,NA,NA
1999-01-01,NA,NA,NA,NA,NA,NA
1999-02-01,NA,NA,NA,NA,NA,NA
1999-03-01,NA,NA,NA,NA,NA,NA
1999-04-01,NA,NA,NA,NA,NA,NA
1999-05-01,NA,NA,NA,NA,NA,NA
1999-06-01,NA,NA,NA,NA,NA,NA
1999-07-01,NA,NA,NA,NA,NA,NA
1999-08-01,NA,NA,NA,NA,NA,NA
1999-09-01,NA,NA,NA,NA,NA,NA
1999-10-01,NA,NA,NA,NA,NA,NA
1999-11-01,NA,NA,NA,NA,NA,NA
1999-12-01,NA,NA,NA,NA,NA,NA
2000-01-01,NA,NA,NA,NA,NA,NA
2000-02-01,NA,NA,NA,NA,NA,NA
2000-03-01,NA,NA,NA,NA,NA,NA
2000-04-01,NA,NA,NA,NA,NA,NA
2000-05-01,NA,NA,NA,NA,NA,NA
2000-06-01,NA,NA,NA,NA,NA,NA
2000-07-01,NA,NA,NA,NA,NA,NA
2000-08-01,NA,NA,NA,NA,NA,NA
2000-09-01,NA,NA,NA,NA,NA,NA
2000-10-01,NA,NA,NA,NA,NA,NA
2000-11-01,NA,NA,NA,NA,NA,NA
2000-12-01,NA,NA,NA,NA,NA,NA
2001-01-01,NA,NA,NA,NA,NA,NA
2001-02-01,NA,NA,NA,NA,NA,NA
2001-03-01,NA,NA,NA,NA,NA,NA
2001-04-01,NA,NA,NA,NA,NA,NA
2001-05-01,NA,NA,NA,NA,NA,NA
2001-06-01,NA,NA,NA,NA,NA,NA
2001-07-01,NA,NA,NA,NA,NA,NA
2001-08-01,NA,NA,NA,NA,NA,NA
2001-09-01,NA,NA,NA,NA,NA,NA
2001-10-01,NA,NA,NA,NA,NA,NA
2001-11-01,NA,NA,NA,NA,NA,NA
2001-12-01,NA,NA,NA,NA,NA,NA
2002-01-01,NA,NA,NA,NA,NA,NA
2002-02-01,NA,NA,NA,NA,NA,NA
2002-03-01,NA,NA,NA,NA,NA,NA
2002-04-01,NA,NA,NA,NA,NA,NA
2002-05-01,NA,NA,NA,NA,NA,NA
2002-06-01,NA,NA,NA,NA,NA,NA
2002-07-01,NA,NA,NA,NA,NA,NA
2002-08-01,NA,NA,NA,NA,NA,NA
2002-09-01,NA,NA,NA,NA,NA,NA
2002-10-01,NA,NA,NA,NA,NA,NA
2002-11-01,NA,NA,NA,NA,NA,NA
2002-12-01,NA,NA,NA,NA,NA,NA
2003-01-01,NA,NA,NA,NA,NA,NA
2003-02-01,NA,NA,NA,NA,NA,NA
2003-03-01,NA,NA,NA,NA,NA,NA
2003-04-01,NA,NA,NA,NA,NA,NA
2003-05-01,NA,NA,NA,NA,NA,NA
2003-06-01,NA,NA,NA,NA,NA,NA
2003-07-01,NA,NA,NA,NA,NA,NA
2003-08-01,NA,NA,NA,NA,NA,NA
2003-09-01,NA,NA,NA,NA,NA,NA
2003-10-01,NA,NA,NA,NA,NA,NA
2003-11-01,NA,NA,NA,NA,NA,NA
2003-12-01,NA,NA,NA,NA,NA,NA
2004-01-01,NA,NA,NA,NA,NA,NA
2004-02-01,NA,NA,NA,NA,NA,NA
2004-03-01,NA,NA,NA,NA,NA,NA
2004-04-01,NA,NA,NA,NA,NA,NA
2004-05-01,NA,NA,NA,NA,NA,NA
2004-06-01,NA,NA,NA,NA,NA,NA
2004-07-01,NA,NA,NA,NA,NA,NA
2004-08-01,NA,NA,NA,NA,NA,NA
2004-09-01,NA,NA,NA,NA,NA,NA
2004-10-01,NA,NA,NA,NA,NA,NA
2004-11-01,NA,NA,NA,NA,NA,NA
2004-12-01,NA,NA,NA,NA,NA,NA
2005-01-01,NA,NA,NA,NA,NA,NA
2005-02-01,NA,NA,NA,NA,NA,NA
2005-03-01,-0.11288342121154518,NA,NA,NA,NA,NA
2005-04-01,-0.12732138741715052,NA,NA,NA,NA,NA
2005-05-01,-0.15499781590826856,NA,NA,NA,NA,NA
2005-06-01,-0.21087027082847356,NA,NA,NA,NA,NA
2005-07-01,-0.29110030128308312,NA,NA,NA,NA,NA
2005-08-01,-0.30921862822076408,NA,NA,NA,NA,NA
2005-09-01,-0.26556010297537304,NA,NA,NA,NA,NA
2005-10-01,-0.22019948848643616,NA,NA,NA,NA,NA
2005-11-01,-0.18317697566057268,NA,NA,NA,NA,NA
2005-12-01,-0.13504563292098886,NA,NA,NA,NA,NA
2006-01-01,0.017140752185992366,NA,NA,NA,NA,NA
2006-02-01,0.20599552237596304,NA,NA,NA,NA,NA
2006-03-01,0.39491617953075088,-0.96723212172453632,1.1164123350444016,1.255153711313323,0.500165033581336,2.1152807498659096
2006-04-01,0.49621467541179312,-2.0601403405185588,1.254570352220561,0.89013386032741424,0.90057678137836544,2.3982199844611228
2006-05-01,0.56401848723005264,-2.1429641084948196,1.3715678951986812,0.75044076305123856,1.0536115341184998,1.504806636995099
2006-06-01,0.6049022958497036,-1.2880246775490832,1.0407450155501224,0.56279424856851376,0.97393945929827712,0.64428209322708152
2006-07-01,0.60540893641882384,-0.78435434246052144,0.99747107332983776,0.11759507280674838,0.84614160625060736,0.16426092499857956
2006-08-01,0.52831352745178016,-0.3081915411756382,0.60011863699285008,-0.21621284454031868,0.29990580418302056,0.65407310188710224
2006-09-01,0.44765442432528,-0.11707255236205094,0.63329738801283488,-0.37928616605216128,0.028851697670962352,0.58555467501976392
2006-10-01,0.4511625949316172,0.38754909733123952,0.7345116907116808,-0.3960506012174328,-0.26148685322611576,0.22836758048357388
2006-11-01,0.46797216475409824,0.69248305101011168,0.8691357958952992,-0.43251464492331264,-0.48432757334771336,0.57873077811516512
2006-12-01,0.52684648862427544,0.30110768258379228,1.2436513948757756,-0.72224421340940256,-0.40408448269626704,1.4780270611571308
2007-01-01,0.54471613096804096,-0.36080398246397048,1.5868005612286784,-0.719351407370732,-0.15658597269547552,1.7576403097052324
2007-02-01,0.50883325647141944,-0.3997676932078268,2.1432885028907576,-0.032849054993201344,-0.27246519201967944,1.4073635491522624
2007-03-01,0.36480440146593904,0.071737440942614664,3.0668399060066368,0.62726577785935,-0.1660708809507691,0.84620598299390352
2007-04-01,0.1921596110574448,1.4055349254170284,3.811371387594216,1.7789858971149008,-0.80390128648315888,1.1378508317901286
2007-05-01,0.088004194182586864,1.9181027536278428,4.397468407657036,2.2865731049398704,-0.7856713906359464,1.393168626884691
2007-06-01,0.12657089565310864,2.5609951575906292,4.817769083270872,3.3276736124315172,-1.3979452861319964,1.8718052767472324
2007-07-01,0.2968457155060258,2.4740306684874364,5.205931094960632,4.0067187770434224,-1.4084036708147726,1.8965595159666792
2007-08-01,0.4953658115072744,2.6594419019506556,5.4506390586178448,4.6482554099094424,-1.3025179428487044,1.7163261159422354
2007-09-01,0.58927676967602384,2.8000276007031208,4.8816006574323848,4.7062138515682376,-0.91584510371507904,1.3951316185821012
2007-10-01,0.56441905908703824,3.3014035587266296,4.4045235073855688,4.7847672563133104,-0.50865332008917128,0.62174317835906632
2007-11-01,0.47469172441491264,3.8890572483502808,3.878114358824788,4.8235680808428248,-0.27571609534923088,-0.1539493774916143
2007-12-01,0.34508502709799864,4.2051076711979152,3.360215747926698,4.70587913288738,0.040763969251895128,-0.616165400578764
2008-01-01,0.27390527135350672,4.0960811983761864,2.4376654407351644,4.60029067277068,-0.0093406440371696096,0.23701766664717128
2008-02-01,0.324078063581408,3.0161624970686784,1.455377022054329,3.9091559361471088,0.795875514169004,1.0098441537712862
2008-03-01,0.43257376549613504,2.6115926485697956,0.25896006942701056,3.279677182537812,1.1521720306102052,1.348599038699406
2008-04-01,0.4601033102341468,2.2033816836186104,-0.476113151545702,2.7434314785086648,1.7112872996722968,0.34903122077657776
2008-05-01,0.29668386805651504,3.0596107205599788,-1.2283872425023838,2.914082447562366,1.009786275254005,0.2450268808617586
2008-06-01,0.015976569942849312,3.0458513839701776,-1.5915634215889176,2.934130911849596,1.232401968667645,0.071478827536238576
2008-07-01,-0.28283466548326984,3.293364724534144,-1.7096673243237304,3.1196792146384624,1.0919722905430704,0.38595190154995192
2008-08-01,-0.46655465972044712,2.596604079009258,-1.5267170625106132,2.8321647684611732,1.2334613218114292,0.8723565016293544
2008-09-01,-0.64630752439519376,1.3874887155111126,-0.95919714895114624,2.290677303998074,1.5583140592118598,1.290141056249471
2008-10-01,-1.151333207304442,-0.53864169565589672,-0.92764075137324304,1.5566096215795004,1.6061910750404382,2.1483853233714944
2008-11-01,-2.0434364893618744,-2.1360368325383964,-0.81693089107789712,1.233778031427204,1.52981211482785,2.1448215500834752
2008-12-01,-3.1959310243962232,-2.7848316200963468,-0.93533983974597408,1.7224351022977472,0.73029663253559712,1.1925013531852318
2009-01-01,-4.336901834867832,-2.8642056319134012,-0.61137892249401208,2.0497847965024708,-0.095003356071686224,0.36097028653700784
2009-02-01,-5.211473043890404,-2.307283316188992,-0.38342437325125752,2.3692719706735392,-1.0673643813640826,-0.118489750468812
2009-03-01,-5.6662637042227384,-3.0423861256609808,-0.48034013765577624,2.1227939997528612,-1.1196203956507238,0.20976953961832728
2009-04-01,-5.6704065117351504,-3.670931598875136,-0.85805572575048384,2.140455282706454,-1.2197939882208768,0.3582718892476716
2009-05-01,-5.3825293706809184,-5.2618633848897608,-0.85221333186112608,1.8044603011256168,-0.68324248835979904,0.5495539008654928
2009-06-01,-4.966874336056528,-6.364060661150284,-0.47520001434873832,1.4533332395622536,-0.53782740654370528,0.86637007784309744
2009-07-01,-4.5031382488513184,-7.4504979250475232,-0.51180221808784832,0.84753335991777504,-0.22993789818650332,1.0716662656544612
2009-08-01,-4.0807682269247408,-7.6289178042329024,-0.89468420503064,0.59313412061386928,-0.21399191281355168,0.86453534602111136
2009-09-01,-3.6724903030313952,-7.0427835248426224,-0.92635605796218528,0.93456850308358368,-0.74496869143774928,0.8001567788924216
2009-10-01,-3.0439718515108904,-6.1027989666288256,-0.69694474817929184,1.6663432533009434,-1.2548594191209282,0.55825782071945392
2009-11-01,-2.1060691523737904,-5.27257622060538,-0.747746403759896,2.1308840127310732,-1.5789895305636108,0.69363820525972544
2009-12-01,-0.94485496976692368,-4.537815859689376,-1.1874942083884238,2.3343910268476488,-1.58288553803245,0.4975880153814456
2010-01-01,0.18167667851076392,-4.0904437115468808,-1.6756854032447914,1.928746717568848,-1.2333338357390076,0.56800818043559984
2010-02-01,1.1300192351230158,-3.4722924378787944,-1.8878376658418972,1.8811371385231788,-0.78657220579006544,-0.54748258846794216
2010-03-01,1.8302037937160736,-2.6347417667808416,-2.0983332901264816,1.7534566662682534,-0.54184992712421368,-1.587254684655885
2010-04-01,2.2416469059341468,-1.8631419415608504,-2.1234675165710068,1.8556641343001908,-0.48196313464632136,-1.9658542982584364
2010-05-01,2.4336731025278744,-0.76989695127918912,-2.4116818003715996,2.150387030273998,-0.67767623204684976,-2.3733717090872288
2010-06-01,2.4277244174836096,-0.57312465613608568,-2.3646102658927512,1.9622662163627056,-0.72721208070901904,-1.795430069050821
2010-07-01,2.3426492174528048,-0.24991442421588516,-2.1310208104893988,1.8830551203591812,-0.81522892009744592,-1.3209488072677562
2010-08-01,2.180649072054828,-0.66778800798617624,-1.6238235606891108,1.4119864114697702,-0.27162852817881548,-0.92473655918347248
2010-09-01,2.0229645935064248,-0.36363558443560264,-1.7076738796670716,1.3949217574957986,-0.06838978812058988,-0.95977523419328768
2010-10-01,1.9250003717846244,-0.2487069862587314,-1.810791263152116,0.97455448347880112,0.8302411453213304,-1.2000713631804122
2010-11-01,1.8959547643535996,-0.01765965368825663,-1.695926084878792,0.8034054701474648,1.4973350402165012,-1.5668989463264848
2010-12-01,1.9466403969983164,0.32432640707485672,-1.3261244535553182,0.84512372757204208,1.7999244436162804,-1.282662969006164
2011-01-01,2.0516091728740916,0.21645813212569236,-0.85303058374895264,0.98569770535409712,1.9517223236208388,-0.43147550505476384
2011-02-01,2.0735480752319932,-0.10585028342788924,-0.87893147313701872,0.8008429304057256,2.0930844721855756,0.81026904820945216
2011-03-01,1.976347351512238,-0.75850444518780496,-0.73035715446764864,0.56267603123617208,2.3724055400427628,1.6565237173910814
2011-04-01,1.744821924561835,-1.003549576859366,-1.1915768274630356,0.0742707772947672,2.1770327826681932,2.3566559557382944
2011-05-01,1.4867998272922474,-1.7635802986335744,-1.4630414161008626,-0.90628232032137856,2.4472760348312124,2.9369643604926396
2011-06-01,1.2811629402077578,-0.95896638254849856,-2.4592506911483504,-0.89921442561691008,2.2447143089497196,1.145118718377292
2011-07-01,1.1539688499058168,-0.36194051720131944,-2.9189954150157832,-0.63268319418108576,1.8925590964689644,0.018288841465132764
2011-08-01,1.1311435690264704,0.64139304758637352,-3.164743941269136,0.23829842196538564,0.96797199116077696,-0.45769417870739728
2011-09-01,1.1057916802100586,-0.018748324259529992,-3.1334992884547372,-0.1986668202299022,1.241338447077529,-0.1930186194084026
2011-10-01,0.95135396593450624,-0.12505400066233282,-3.522236310387838,-0.25672105699889548,0.80189502858269648,-0.2191028780293972
2011-11-01,0.65208810831058992,-0.84853344316664032,-3.8934929056789608,-0.92294436910086624,0.7870443477949752,0.13176949536060944
2011-12-01,0.28343130946361576,-2.092583311543618,-3.642387528430776,-1.8060221239096184,1.2323662619529612,0.92848809205427344
2012-01-01,-0.0983848110134588,-2.7228045657292056,-3.7662049557706288,-2.3425350302252904,1.5558587522208798,0.89479248225876784
2012-02-01,-0.45277294976248008,-2.6536936959135096,-3.8321271688972472,-2.2265260310166976,1.2986726263863402,0.55472183993634424
2012-03-01,-0.73633167829843504,-1.601056721879022,-4.8522715002505848,-1.6638722940633254,0.009865131175850112,0.80915969611626368
2012-04-01,-0.89102599939517184,-1.2297094962066862,-4.647833536697456,-1.4046574494842808,-0.13900149267887874,0.72940215070989952
2012-05-01,-0.86053386007572928,-0.78057488049680432,-4.4310392244606488,-0.77438358567754528,-0.60998066550339128,0.72813978612912192
2012-06-01,-0.66211084896337704,-0.88010906527754768,-3.6104211462941472,-0.70148064072739248,-0.29850963083545212,1.1601754855471724
2012-07-01,-0.414969005945278,-0.6732555202138656,-3.8407920686777248,-0.70427845674723536,0.020804959314573988,0.77920735273547584
2012-08-01,-0.25132908264881516,-0.12587859789272602,-4.2099025136343664,-0.84207818552284592,0.40770963655626544,-0.041077691802627328
2012-09-01,-0.23786982156726208,1.122052710253366,-4.8752239053885088,-0.1428633132228169,-0.26408195377783188,0.0011529412661841488
2012-10-01,-0.32944939124895212,1.7859739883299434,-4.7119896113695528,0.34301538927217236,-0.4832082309069828,0.2874008215852646
2012-11-01,-0.4909314359957792,2.3522816192482144,-5.1545250430772656,0.86182214307147168,-1.1625881961076512,0.77117567175737696
2012-12-01,-0.60632829027197544,3.0105487332853084,-5.6749340864235712,1.4006711153255,-1.4850023674317384,-0.057940507136575056
2013-01-01,-0.63013653826590208,3.0564365682539908,-5.7984233068426544,1.6993843388162004,-1.8157046264319004,-0.065410496464066936
2013-02-01,-0.50886482029195368,2.5045030885880096,-5.4341717758399472,1.5908060829703306,-1.7370974887377062,0.52905177645346576
2013-03-01,-0.25788655053927844,1.5570085510949156,-4.2169695481092248,1.466089328036968,-1.0666863881067516,0.37697733341835216
2013-04-01,0.067851395460534704,1.1103651979683768,-3.307650323462874,1.5940322247833396,-0.89899004437647328,-0.5139471913792548
2013-05-01,0.3217708866718526,1.4957633679491004,-2.6448466923575792,1.7338111431920066,-0.78378885708041232,-1.538400858808895
2013-06-01,0.36849083669080992,1.5840362897465308,-2.4261686859341804,1.4382118938473556,-0.79958145303995616,-1.5391019005304968
2013-07-01,0.18437779792989616,1.6628935552882888,-2.130501220148662,0.94053316213060848,-1.1060476912641648,-0.64022178826028368
2013-08-01,-0.00907063443018028,0.9236799783625856,-1.8164056034083676,0.35133094467896288,-1.2935021867447548,0.31090122448136064
2013-09-01,-0.082567502018156848,-0.50443961003819448,-0.803772716799596,-0.36269954435427464,-0.7911460511533824,0.14087175733396032
2013-10-01,-0.018627327626378228,-1.6564939994774188,-0.13589878242007216,-0.305577751735415,-0.76189636802395504,-0.24535073063940572
2013-11-01,0.09050911037745904,-2.3807253241862304,0.947519689416732,0.080345925126168032,-0.337674349388016,-1.2876529757883392
2013-12-01,0.21377821198941312,-2.238013224435084,1.0252809288577982,0.39611188642606856,-0.56766416196311912,-1.3077227082448984
2014-01-01,0.34619013538736204,-2.16026187309883,1.0158870010194618,0.2471981170912318,-0.67749911665693088,-1.155633537912163
2014-02-01,0.41789822506568776,-2.0242249570752308,0.75642662016436768,-0.046213372857728032,-0.8622129522600272,-0.80403596236862224
2014-03-01,0.3423174428406986,-2.4154665969240688,1.2072263364638418,0.0054397740501294312,-0.60340986746548312,-0.76889418713300464
2014-04-01,0.18384853149099124,-2.8693630852450452,0.95790100544757488,-0.23738936941648648,-0.208204712889749,-0.034429825095452004
2014-05-01,0.053919125294746776,-3.7574014872492776,1.0111165719272528,-0.31445681795164852,0.34932973259117456,0.33977240143403508
2014-06-01,0.053292636190667632,-4.1752420473880144,0.60160131192663832,-0.2423831672338714,0.3659243859712184,0.57478943510256312
2014-07-01,0.19438706262305112,-4.6002099408496712,0.816582344193576,0.27107094998974936,0.52159359773997928,0.1018087593593262
2014-08-01,0.37838306850967864,-4.5864209367070048,0.52579830501676704,0.41627628070245128,0.5567851719742656,0.074831429970862112
2014-09-01,0.55636676503583496,-4.0470540820802808,0.74478787435740528,0.71823442603453616,0.47736703610780216,-0.081492027995001552
2014-10-01,0.63478183123150176,-3.6637759491300664,0.63656859772604312,0.06326610884646708,0.75992069406187584,0.046934152314203728
2014-11-01,0.63747868717937928,-2.8326183227265564,0.39352841176518248,-0.34591420680516528,0.55736170811013544,0.43575250342735928
2014-12-01,0.52175666913445864,-3.0614369018041828,0.346589487157292,-0.82673666945028,0.55377554419314048,0.63632955175179952
2015-01-01,0.3627922586139112,-2.1947221395444024,0.5685542001077308,0.14410121240781786,0.11201346661457328,-0.4070103498385232
2015-02-01,0.31282612436208124,-1.5365395854138844,1.2126765286145702,0.93424281673470352,0.24972391451660092,-1.9645201841608628
2015-03-01,0.44008048429995672,-0.53127071591843456,0.9653273137853584,0.96084638617381792,-0.19414524260803612,-1.9090817223258772
2015-04-01,0.64092571242305288,-0.33987295363466412,0.7220620744978352,0.4700030797786816,-0.59539116442217888,-1.3103051949689124
2015-05-01,0.73850118430155536,0.11370344414193084,0.38496797004295416,0.088571377238588608,-0.93775818985852432,-1.124637597376399
2015-06-01,0.72111877497344384,0.2916178728523796,0.63501617972392712,-0.13475734766616914,-0.80941042439912496,-1.2441617040871338
2015-07-01,0.6722336619826692,0.34663718807341228,0.55193411903099624,-0.503991704316206,-0.53238932412732688,-1.2399087978214002
2015-08-01,0.57652375115812352,0.45747109676136784,0.62459976113927464,-0.56313457182920648,-0.12386366279005778,-2.2301173921087768
2015-09-01,0.4572226142236108,0.80239374879107472,0.50906633343544792,-0.32992830519814564,-0.31533364023821588,-2.7732669507276556
2015-10-01,0.40233254341019,1.4965953944370732,0.46378123182053656,-0.066619616866689544,-0.80650220880776144,-2.1044589133348
2015-11-01,0.47856915975392136,0.9843684461244376,0.52855496135184832,-0.30767974733458436,-0.67822055808568872,-1.371386570618597
2015-12-01,0.59713691983990216,0.70653988591371272,0.30729011114871696,-0.5548791922799072,-0.71726604784056328,-0.81678893239985584
2016-01-01,0.69185304321801176,-0.12257643005302314,0.33384891854479392,-1.2537079521188604,-0.3952073675560952,-0.38595002771762288
2016-02-01,0.7056088028082124,-1.1215410778776582,0.26438508097794628,-1.704680069988586,-0.27417995431771124,0.1585753497399442
2016-03-01,0.65487426779595512,-1.6187265707734986,0.47961766409510112,-1.710956445557191,-0.16423307552757354,-0.28460481744563188
2016-04-01,0.62039635277293152,-1.8104675659311336,0.8153318812251416,-1.4875900867154746,0.27808544499130428,-1.4192553247412722
2016-05-01,0.59534716927026056,-1.697530464734419,0.95052676673068736,-1.4283243447904672,0.2127767640011496,-1.3102961298892062
2016-06-01,0.53246400712653296,-1.5618283607403872,0.9249536756149416,-1.4215850836021414,0.28708971451947972,-1.3518120884299532
2016-07-01,0.3749251241411188,-1.108133614360125,0.8030479716785464,-1.4941121690355386,-0.025553996852000436,-0.91855395841892368
2016-08-01,0.28222468081217088,-1.3126485302089466,1.1511307379232356,-1.6816705908779448,-0.2152418598403952,0.07233723385022376
2016-09-01,0.30666908875455636,-1.7736034646893132,0.98616557423256496,-1.9903212588624892,-0.2414519310024168,0.74260037052809744
2016-10-01,0.44014002155901144,-2.3840845789713268,0.91853190722563712,-1.9707540460165872,0.12183692567753008,0.061320502868845936
2016-11-01,0.59743996767063576,-2.0057340567637852,1.0324883968940798,-1.4448294144174306,0.050140096587921096,-0.81378833375831744
2016-12-01,0.81510189679345184,-1.3220357059330572,1.6476279485468406,-1.0804010422255918,0.19975051777553428,-1.3724515752462232
2017-01-01,1.053104123417624,-0.32518447360876144,2.0466119058741708,-0.74721135635445584,0.61079115251895048,-2.5253811622708936
2017-02-01,1.1933944520047692,0.98109740826770336,1.5013861595109066,-0.8894591810644744,0.12224217542958398,-2.0324215684975416
2017-03-01,1.2392626900372516,1.0850234919829884,1.3076000823713114,-1.26512623443856,0.24967262356210064,-1.5962604127932898
2017-04-01,1.169451333087163,0.96188900490076896,1.0340471265376408,-1.394793925312951,-0.22643742617622196,-0.26842268843560596
2017-05-01,1.135773843525993,0.28450607104633212,1.4268018484428294,-1.419830727868251,0.093504712467227952,-0.43890497271535616
2017-06-01,1.1260185397968378,0.19540431956073312,1.3756258440528104,-1.0046419140284644,-0.2566253055635666,-0.53482731277886496
2017-07-01,1.1494139811913042,-0.32735753244571768,1.396391990472787,-0.62758241062272624,-0.14712620868294304,-1.1308621960922726
2017-08-01,1.1453104535071612,-0.13366603250288628,0.88156518061256496,-0.0047123838789556448,-0.45498580528652032,-1.5158437123390742
2017-09-01,1.1468650033934392,0.1665529747231446,0.76407082009994992,0.29436754481061352,-0.44249075029841736,-1.7325111148075152
2017-10-01,1.1190871466040148,1.2418628027410166,0.66762115471213072,0.42975124932035448,-0.75185504255289504,-1.607247814808455
2017-11-01,0.99748041657058624,1.6612412428830534,0.99547977840669856,0.2256764642799192,-0.68951897955176032,-1.429599303540176
2017-12-01,0.7941908847099904,1.585384221442959,1.1162581162447284,0.013305451138892616,-0.61274020367581264,-1.1481804743084254
2018-01-01,0.59086640280848376,0.69770737995738408,1.2753822103279334,-0.21973947356892916,-0.34803659499577428,-0.53259558924024856
2018-02-01,0.42483598351909728,-0.040727987507118944,1.608796387195562,-0.12505052206526676,0.20643439340223224,-0.92117852379235408
2018-03-01,0.3102176619401472,-0.12828686851001766,1.4032558855260682,-0.081533667451307408,0.25639570163385668,-0.98780777473745296
2018-04-01,0.22248484182112064,0.15150125930639188,1.579208895829365,0.016670517466612648,0.59434034176736496,-1.7006139287214998
2018-05-01,0.15036830644060014,0.8898186573366584,1.2059249919691068,-0.021744609275616488,0.37555166239609192,-1.5368920515405978
2018-06-01,0.08482468889988648,1.035285040727488,1.210674846353223,-0.2367709751783446,0.25087279008752352,-0.75852043974340624
2018-07-01,0.021494292175572328,0.92694268471602864,1.180215246510198,-0.51231972056507448,0.074689035214459792,-0.0006624393882687096
2018-08-01,-0.048349738113337328,0.44385652762645312,1.3123260422647324,-0.60198434546812888,0.048597328503612584,0.055024307304341432
2018-09-01,-0.1508611766680282,0.3901318243251012,1.220509506192641,-0.60418055395680344,0.16167866308208464,-0.22112243892430872
2018-10-01,-0.24322469518628188,0.22823382758733628,1.352160304908662,-0.64904265274053904,0.34915314109446244,-0.54817213255996288
2018-11-01,-0.29348982083806896,-0.01455893368413848,1.139552168475501,-0.86006416773533696,0.28317084356426008,0.090927471564293648
2018-12-01,-0.30643708649465536,-0.39881123403359456,1.556507534731921,-0.74585080619953776,0.3163304545354942,0.045452215703023544
2019-01-01,-0.34101378693078804,-1.5392424544235368,2.1813898299470648,-1.1744052586334896,0.77976965776070816,0.68097053090914048
2019-02-01,-0.324916474972986,-2.1344020654556596,2.6314804161624496,-1.3567469517379374,1.0742678028497202,1.3756747391208378
2019-03-01,-0.26805579329745792,-2.5272028184985456,2.7333437915935028,-1.4257536766263956,1.3270069446652772,1.7453717216450382
2019-04-01,-0.18962582934978844,-2.184796692627756,2.046593500526748,-1.0791354496696708,0.54324137833078016,2.0359880969175748
2019-05-01,-0.14964911082672656,-2.6581760611329148,2.1436600103070108,-0.97420831920160848,0.60974931031040792,1.8201342101417796
2019-06-01,-0.17000599076432554,-2.4030103601158976,1.8982420656790768,-0.74914838446792304,0.73400573163087808,0.90857140427384976
2019-07-01,-0.2501897857266064,-1.7133641430994176,1.4115162467283074,-0.2620205577490168,0.4629789852484548,-0.12989720365242152
2019-08-01,-0.32742550559933964,-1.145511979223616,0.90696782800624272,-0.4363928567932784,0.28266943685805244,0.043644593517506712
2019-09-01,-0.29725542014082316,-1.704749777145856,1.226695330975668,-1.0752328388849614,0.79106021431311664,0.53950992251374032
2019-10-01,-0.13422361866367294,-2.4106485429971392,1.4600412824522228,-1.665981236569571,1.4210232780017812,0.91835618453562512
2019-11-01,0.17697080173282458,-2.4599726032085588,1.6885314768321152,-1.8043552811569756,1.820278410847012,0.53302455115744072
2019-12-01,0.46356312426696144,-2.1885470856225312,1.0251834931275872,-1.9226653290422652,1.54586106574933,1.0450066299282282
2020-01-01,0.2398680747868654,-1.290889333206118,0.45303114113201448,-1.4547385234020682,0.9122073518145608,0.7036113610224004
2020-02-01,-1.6281178306911022,-0.6080585759698948,-0.12938583932738438,-1.0182283611043736,0.12186747331881348,0.1676682460268939
2020-03-01,-6.6810476613132304,0.29229151519702084,0.01033584013814974,-0.2980822248833654,-0.34267271043414872,-1.374850052394768
2020-04-01,-14.983119394682416,1.1926674652760186,0.093361794057257312,0.28529031434835804,-0.74592867759718896,-2.5281474652737696
2020-05-01,-22.865902244994952,1.9589869612353964,0.058562357243118424,1.2055077376167778,-1.4696574713868642,-3.0210647141703516
2020-06-01,-25.784288581169424,1.0815439408322134,-0.23607105856379076,1.4227107422891848,-1.8254260691151568,-1.454784871095604
2020-07-01,-22.579844201634512,-0.25636921617559888,-0.39671213608750528,1.585994841401602,-1.5428306953829666,-0.4214948234012368
2020-08-01,-17.085132667881372,-1.1375885042572286,-0.78257435149887824,1.537695979866427,-1.3045232123933202,0.07997702448820216
2020-09-01,-13.101900752395512,-0.54958206614591008,-1.0382426363161076,2.1014849371500376,-1.8305122239246988,0.029355405323959276
2020-10-01,-11.644113228391658,0.071085211887631128,-1.0908792847449554,2.250912208814904,-2.1307508415562984,-0.14085188717529512
2020-11-01,-11.699506639079506,-0.091481845193585008,-0.72220140927146704,2.2274282164206508,-2.0570159213005736,0.25456453333845496
2020-12-01,-12.183918867350114,-1.4421517970319598,-0.048900280583209928,1.5971844278185174,-0.77506635929017328,0.43376845356156368
2021-01-01,-12.423092001120978,-2.1117528763555244,0.013420503836580846,1.183046601463315,0.35778689607098076,0.15776472696113202
2021-02-01,-11.132849457307652,-2.5190875214238536,-0.056064733536084808,0.73877907163987472,1.2116704936963018,-0.26640202709154916
2021-03-01,-6.45795262134482,-1.7814636144807932,-0.41435016743575168,0.6761899688376668,1.0711779037738868,0.1985093038195646
2021-04-01,2.0494625323113868,-2.0028148440035944,-0.56511767281960992,0.076448807313909744,1.9043767233179404,0.65414802246224344
2021-05-01,10.82331753339671,-1.917188741855338,-0.79277590011490288,-0.61734430483865464,2.57168200141641,1.2335666249642056
2021-06-01,15.270043629392446,-1.511749302569606,-0.64646952060385912,-1.0515720374351642,2.8516134240809072,0.9665362838904968
2021-07-01,14.05392324323388,-1.073451521784719,0.024354725084406196,-1.7976870272347966,3.3507985257930792,0.36383681460469192
2021-08-01,10.545609585797144,-0.2911723165248138,0.68741573345937792,-2.076242937706446,3.606769839609964,-0.37855832007859632
2021-09-01,8.1452544180479232,-0.053250574911243576,0.90467101713727968,-2.348060603216466,3.9459037763623656,-1.0237101913362482
2021-10-01,7.7536959494219456,0.31064539887066032,0.84242424433136256,-1.9612059538192536,3.9640923048546472,-1.1724852422224558
2021-11-01,8.3902302601334128,1.442350514259317,0.52117671349448256,-1.4473421509080854,3.9259862076942072,-2.0432528423602456
2021-12-01,9.0802269620684832,3.873285373786448,-0.26611482823574272,-0.62508715208435664,3.00374829300118,-2.7588293726862932
2022-01-01,9.6870488189177472,5.1039332351491808,-0.53417960559434928,-0.43853605103587544,1.9680761056322096,-1.9177594071830728
2022-02-01,10.256920967787902,5.5331373318831896,-0.41845420196425688,-0.23448057956651704,1.5391108343447398,-0.86128227378249392
2022-03-01,10.692872262769574,4.9209751248670536,-0.592196062301142,-0.65484238887642024,2.1073577739811752,0.3765616626071728
2022-04-01,10.738933171857762,5.3548050972276208,-0.20209805455629648,-0.9068359274078624,2.5152792382250276,1.054530795068275
2022-05-01,10.13169930104414,6.0802410780268664,-0.19553579988254056,-1.154015508880647,2.600179614180608,1.4089579665075816
2022-06-01,8.8399024948241664,6.8230947173222104,0.460702807318882,-1.2910547052762502,3.1368735547209092,0.56203670582932784
2022-07-01,7.0481330061989488,8.2923889859496464,-0.38194646643550952,-0.7090937646093264,2.4275933600029136,0.55662928337838568
2022-08-01,5.2608516182781768,8.9025915402197776,-0.55798542088246496,-0.31552897742798652,2.2906193288629932,0.24240489437338564
2022-09-01,3.8352757119607616,8.9622002752596336,-0.66792771708260256,-0.048013499173329976,1.9534763368061512,0.21952324080385432
2022-10-01,2.7706211931833372,8.431685067732,-0.24894974595847728,-0.70907138260134616,1.8771354476879808,0.5128782164027288
2022-11-01,2.0330065811161124,7.725267655293704,-0.13980730672120594,-1.392383896659084,1.1896187247421322,1.1649418693164792
2022-12-01,1.688290318038552,7.0634089030883992,0.758270133583732,-1.7676350526554266,0.6140549399886436,1.1266611072289538
2023-01-01,1.6573456704794816,6.9614609006723432,0.19822756670471224,-1.5109587128238076,-0.30165477945287988,1.1675649450246338
2023-02-01,1.650492539704371,7.429365972552976,0.026211003729948944,-1.5081805173035198,-0.86169054616024912,0.45145998293433776
2023-03-01,1.4814588398741066,7.4335850949769824,-0.492182906612292,-2.0647117880848144,-2.1373098006067992,0.75810912402209008
2023-04-01,1.0312707888237722,6.3890156156371824,-0.067492422614494616,-2.4504461302632024,-2.5734976785592156,0.76639567051479712
2023-05-01,0.49476681894546056,4.4324997981297728,0.087764019877656736,-2.9104916641709976,-2.9645042782590156,0.95718435386867232
2023-06-01,0.043386260623356888,3.5122985967716948,-0.3296795362536462,-2.7393438117566324,-3.629290653245468,0.6937204228073248
2023-07-01,-0.23598225435481764,2.6143527407584904,0.47759692931280016,-3.2472420495719404,-3.36628186888958,0.33570760279871808
2023-08-01,-0.44938498243120528,2.2520705189362308,0.54749652446311328,-3.523280808122808,-3.7933734959742024,0.9664512342758984
2023-09-01,-0.61209908144796096,1.9072807855978804,0.62562857079135824,-3.6758655143631624,-3.926295116678992,1.665542902008669
2023-10-01,-0.61217824326363424,1.588180209436786,-0.0193376799397644,-3.3019316265289248,-4.2834904608743024,2.0803262755674944
2023-11-01,-0.47966100323221608,1.6785037629363498,-0.25555247216912664,-2.7991978434769544,-4.2438355946468424,1.712116828049243
2023-12-01,-0.32635231848145184,1.737121959558835,-1.0977359052432774,-2.4394151947019024,-4.3419326832369,1.7529701059218588
2024-01-01,-0.1977870107250806,2.4726963333123736,-0.82979400304985344,-1.8597837638142792,-4.2903843282528432,0.59364389299380384
2024-02-01,-0.11253483063064518,1.8136837644794788,-0.72864910764621472,-1.9093080848008916,-4.2197527156552112,1.068174049973683
2024-03-01,-0.070346340426182136,0.68456291471008048,0.34696336506503588,-1.872902269680858,-3.2977822580168808,0.56681576096416256
2024-04-01,0.028685576178660596,-1.028983997351604,1.2755513885152938,-2.3317069017759052,-2.2012748437453212,-0.050421742518685864
2024-05-01,0.21387501047577692,-0.89209455023551264,1.7536765636260218,-2.00333345759945,-1.5586341639390282,-1.1691420686665492
2024-06-01,0.43930039248385768,-0.89266013613254576,2.0873671877433864,-2.0327794843219324,-1.124752286574972,-1.3029029124733306
2024-07-01,0.55606101304202624,-1.0731695759949982,1.5675254881858352,-1.9720407796064892,-1.479368515606057,-0.55229666456288752
2024-08-01,0.60863848391651552,-1.718115912356939,1.7805948348721814,-1.9372540146802616,-1.0729001813091034,-0.78881698148728864
2024-09-01,0.6270888727741968,-2.2307169592765012,1.9056266939180156,-2.0220272471003608,-0.63916081141357824,-1.0833687608512438
2024-10-01,0.59925846539366976,-2.2710327216119316,2.2179708413259512,-2.0092531201124912,-0.2467002933996834,-1.3029978700806142
2024-11-01,0.5189854762138628,-2.7641750113681332,2.48316015303798,-2.3165257008827932,0.339023419198551,-0.80036501418264368
2024-12-01,0.42506077438727312,-3.3218627294862788,2.8660987408636536,-2.6176756406622776,1.0508100259616752,-0.3741102311188212
2025-01-01,0.34002844074612144,NA,NA,NA,NA,NA
2025-02-01,0.29201152283378472,NA,NA,NA,NA,NA
2025-03-01,0.29049692719075652,NA,NA,NA,NA,NA
2025-04-01,0.28292311051020092,NA,NA,NA,NA,NA
2025-05-01,0.23601455338546384,NA,NA,NA,NA,NA
2025-06-01,0.16028834542370244,NA,NA,NA,NA,NA
2025-07-01,0.12643171593683602,NA,NA,NA,NA,NA
2025-08-01,0.12639530452175098,NA,NA,NA,NA,NA
2025-09-01,0.15049372255637514,NA,NA,NA,NA,NA
2025-10-01,0.19621140888204756,NA,NA,NA,NA,NA
2025-11-01,0.25165743158850344,NA,NA,NA,NA,NA
2025-12-01,0.30005023330699372,NA,NA,NA,NA,NA
2026-01-01,NA,NA,NA,NA,NA,NA
2026-02-01,NA,NA,NA,NA,NA,NA
2026-03-01,NA,NA,NA,NA,NA,NA
2026-04-01,NA,NA,NA,NA,NA,NA
2026-05-01,NA,NA,NA,NA,NA,NA
2026-06-01,NA,NA,NA,NA,NA,NA
2026-07-01,NA,NA,NA,NA,NA,NA
2026-08-01,NA,NA,NA,NA,NA,NA
2026-09-01,NA,NA,NA,NA,NA,NA
2026-10-01,NA,NA,NA,NA,NA,NA
2026-11-01,NA,NA,NA,NA,NA,NA
2026-12-01,NA,NA,NA,NA,NA,NA