@date,"@dlog(cpu1,0,12)","@dlog(cpu2,0,12)","@dlog(cpu3,0,12)","@dlog(cpu4,0,12)","@dlog(cpu1(-1),0,12)","@dlog(cpu2(-1),0,12)","@dlog(cpu3(-1),0,12)","@dlog(cpu4(-1),0,12)","@dlog(cpu1(-2),0,12)","@dlog(cpu2(-2),0,12)","@dlog(cpu3(-2),0,12)","@dlog(cpu4(-2),0,12)"
1995-01-01,,,,,,,,,,,,
1995-02-01,,,,,,,,,,,,
1995-03-01,,,,,,,,,,,,
1995-04-01,,,,,,,,,,,,
1995-05-01,,,,,,,,,,,,
1995-06-01,,,,,,,,,,,,
1995-07-01,,,,,,,,,,,,
1995-08-01,,,,,,,,,,,,
1995-09-01,,,,,,,,,,,,
1995-10-01,,,,,,,,,,,,
1995-11-01,,,,,,,,,,,,
1995-12-01,,,,,,,,,,,,
1996-01-01,0.0298701599908675,-1.4113762922308144,-1.4113762922308144,,,,,,,,,
1996-02-01,0.0063195061103087,-0.1480854603241681,-0.1480854603241681,,0.0298701599908675,-1.4113762922308144,-1.4113762922308144,,,,,
1996-03-01,0.0498680264847912,-0.276526578279995,-0.2765265782799968,,0.0063195061103087,-0.1480854603241681,-0.1480854603241681,,0.0298701599908675,-1.4113762922308144,-1.4113762922308144,
1996-04-01,0.0499054267529555,-0.0811591554960884,-0.0811591554960866,,0.0498680264847912,-0.276526578279995,-0.2765265782799968,,0.0063195061103087,-0.1480854603241681,-0.1480854603241681,
1996-05-01,0.0519169664414995,-0.1007024653131551,-0.1007024653131551,,0.0499054267529555,-0.0811591554960884,-0.0811591554960866,,0.0498680264847912,-0.276526578279995,-0.2765265782799968,
1996-06-01,0.0498477807778421,-0.077994785597971,-0.077994785597971,,0.0519169664414995,-0.1007024653131551,-0.1007024653131551,,0.0499054267529555,-0.0811591554960884,-0.0811591554960866,
1996-07-01,0.0560386635511473,-0.0753939373550078,-0.075393937355006,,0.0498477807778421,-0.077994785597971,-0.077994785597971,,0.0519169664414995,-0.1007024653131551,-0.1007024653131551,
1996-08-01,0.0506147151112852,-0.073917784818624,-0.073917784818624,,0.0560386635511473,-0.0753939373550078,-0.075393937355006,,0.0498477807778421,-0.077994785597971,-0.077994785597971,
1996-09-01,0.052917864427286,-0.0971265932702269,-0.0971265932702252,,0.0506147151112852,-0.073917784818624,-0.073917784818624,,0.0560386635511473,-0.0753939373550078,-0.075393937355006,
1996-10-01,0.0513062337840377,-0.0743855639649133,-0.0743855639649133,,0.052917864427286,-0.0971265932702269,-0.0971265932702252,,0.0506147151112852,-0.073917784818624,-0.073917784818624,
1996-11-01,0.0615714927488362,-0.0294995097456176,-0.0294995097456194,,0.0513062337840377,-0.0743855639649133,-0.0743855639649133,,0.052917864427286,-0.0971265932702269,-0.0971265932702252,
1996-12-01,0.0569464400824912,-0.013840191086178,-0.013840191086178,,0.0615714927488362,-0.0294995097456176,-0.0294995097456194,,0.0513062337840377,-0.0743855639649133,-0.0743855639649133,
1997-01-01,0.0316777594385264,1.7568063664176954,1.7568063664176954,,0.0569464400824912,-0.013840191086178,-0.013840191086178,,0.0615714927488362,-0.0294995097456176,-0.0294995097456194,
1997-02-01,0.0223795243852862,0.5241404665834288,0.5241404665834288,,0.0316777594385264,1.7568063664176954,1.7568063664176954,,0.0569464400824912,-0.013840191086178,-0.013840191086178,
1997-03-01,-0.0374104368915855,0.3883394469498746,0.3883394469498764,,0.0223795243852862,0.5241404665834288,0.5241404665834288,,0.0316777594385264,1.7568063664176954,1.7568063664176954,
1997-04-01,-0.0114318618824587,0.2156677981507648,0.215667798150763,,-0.0374104368915855,0.3883394469498746,0.3883394469498764,,0.0223795243852862,0.5241404665834288,0.5241404665834288,
1997-05-01,0.0071993918044572,0.1636998240071108,0.1636998240071108,,-0.0114318618824587,0.2156677981507648,0.215667798150763,,-0.0374104368915855,0.3883394469498746,0.3883394469498764,
1997-06-01,0.0129064275866408,0.1478892595393421,0.1478892595393421,,0.0071993918044572,0.1636998240071108,0.1636998240071108,,-0.0114318618824587,0.2156677981507648,0.215667798150763,
1997-07-01,-0.0006898327672058,0.1249435390040716,0.1249435390040698,,0.0129064275866408,0.1478892595393421,0.1478892595393421,,0.0071993918044572,0.1636998240071108,0.1636998240071108,
1997-08-01,0.0037113462416797,0.07508836438911,0.0750883643891118,,-0.0006898327672058,0.1249435390040716,0.1249435390040698,,0.0129064275866408,0.1478892595393421,0.1478892595393421,
1997-09-01,0.0014444228103869,0.1014047373403332,0.1014047373403315,,0.0037113462416797,0.07508836438911,0.0750883643891118,,-0.0006898327672058,0.1249435390040716,0.1249435390040698,
1997-10-01,0.0035409436265023,0.066126998764389,0.066126998764389,,0.0014444228103869,0.1014047373403332,0.1014047373403315,,0.0037113462416797,0.07508836438911,0.0750883643891118,
1997-11-01,-0.0063667312544115,0.025345115093696,0.0253451150936978,,0.0035409436265023,0.066126998764389,0.066126998764389,,0.0014444228103869,0.1014047373403332,0.1014047373403315,
1997-12-01,0.0046769563012034,-0.0211688275851749,-0.0211688275851749,,-0.0063667312544115,0.025345115093696,0.0253451150936978,,0.0035409436265023,0.066126998764389,0.066126998764389,
1998-01-01,0.0075897238473565,-0.3568180976144468,-0.3568180976144468,,0.0046769563012034,-0.0211688275851749,-0.0211688275851749,,-0.0063667312544115,0.025345115093696,0.0253451150936978,
1998-02-01,-0.003046692889109,-0.0918008556558831,-0.0918008556558831,,0.0075897238473565,-0.3568180976144468,-0.3568180976144468,,0.0046769563012034,-0.0211688275851749,-0.0211688275851749,
1998-03-01,0.0109813858705969,0.0658044169277722,0.0658044169277722,,-0.003046692889109,-0.0918008556558831,-0.0918008556558831,,0.0075897238473565,-0.3568180976144468,-0.3568180976144468,
1998-04-01,9.286689394905069e-05,-0.0295194010013268,-0.0295194010013268,,0.0109813858705969,0.0658044169277722,0.0658044169277722,,-0.003046692889109,-0.0918008556558831,-0.0918008556558831,
1998-05-01,-0.002091423734349,-0.0516116506612256,-0.0516116506612256,,9.286689394905069e-05,-0.0295194010013268,-0.0295194010013268,,0.0109813858705969,0.0658044169277722,0.0658044169277722,
1998-06-01,0.0115813328553251,-0.0422533258854826,-0.0422533258854826,,-0.002091423734349,-0.0516116506612256,-0.0516116506612256,,9.286689394905069e-05,-0.0295194010013268,-0.0295194010013268,
1998-07-01,0.013390622119223,-0.0346105727005578,-0.0346105727005578,,0.0115813328553251,-0.0422533258854826,-0.0422533258854826,,-0.002091423734349,-0.0516116506612256,-0.0516116506612256,
1998-08-01,0.0148023195224542,-0.0113076795557507,-0.0113076795557507,,0.013390622119223,-0.0346105727005578,-0.0346105727005578,,0.0115813328553251,-0.0422533258854826,-0.0422533258854826,
1998-09-01,0.0143762773320634,-0.0329340827406223,-0.0329340827406223,,0.0148023195224542,-0.0113076795557507,-0.0113076795557507,,0.013390622119223,-0.0346105727005578,-0.0346105727005578,
1998-10-01,0.0236216478426509,0.0092132192109755,0.0092132192109737,,0.0143762773320634,-0.0329340827406223,-0.0329340827406223,,0.0148023195224542,-0.0113076795557507,-0.0113076795557507,
1998-11-01,0.021589776852398,0.0127463787726735,0.0127463787726718,,0.0236216478426509,0.0092132192109755,0.0092132192109737,,0.0143762773320634,-0.0329340827406223,-0.0329340827406223,
1998-12-01,0.0201722302388951,-0.0053415506360661,-0.0053415506360661,,0.021589776852398,0.0127463787726735,0.0127463787726718,,0.0236216478426509,0.0092132192109755,0.0092132192109737,
1999-01-01,-0.0669682640363014,0.2363699405285562,0.2363699405285562,,0.0201722302388951,-0.0053415506360661,-0.0053415506360661,,0.021589776852398,0.0127463787726735,0.0127463787726718,
1999-02-01,0.0050220772117537,0.1824169356866782,0.1824169356866782,,-0.0669682640363014,0.2363699405285562,0.2363699405285562,,0.0201722302388951,-0.0053415506360661,-0.0053415506360661,
1999-03-01,0.0041156503396866,0.136957804436955,0.136957804436955,,0.0050220772117537,0.1824169356866782,0.1824169356866782,,-0.0669682640363014,0.2363699405285562,0.2363699405285562,
1999-04-01,0.0004085119082315,0.1138230554639339,0.1138230554639339,,0.0041156503396866,0.136957804436955,0.136957804436955,,0.0050220772117537,0.1824169356866782,0.1824169356866782,
1999-05-01,0.023355134770874,0.175254628534363,0.175254628534363,,0.0004085119082315,0.1138230554639339,0.1138230554639339,,0.0041156503396866,0.136957804436955,0.136957804436955,
1999-06-01,0.0043291057399699,0.1522320323124866,0.1522320323124883,,0.023355134770874,0.175254628534363,0.175254628534363,,0.0004085119082315,0.1138230554639339,0.1138230554639339,
1999-07-01,0.0117077484477725,0.1547859635027766,0.1547859635027766,,0.0043291057399699,0.1522320323124866,0.1522320323124883,,0.023355134770874,0.175254628534363,0.175254628534363,
1999-08-01,-0.0042093533421958,0.1134718796442637,0.1134718796442637,,0.0117077484477725,0.1547859635027766,0.1547859635027766,,0.0043291057399699,0.1522320323124866,0.1522320323124883,
1999-09-01,-0.0077908782972162,0.1012483614624759,0.1012483614624759,,-0.0042093533421958,0.1134718796442637,0.1134718796442637,,0.0117077484477725,0.1547859635027766,0.1547859635027766,
1999-10-01,-0.0217615464692801,0.066296278811107,0.0662962788111087,,-0.0077908782972162,0.1012483614624759,0.1012483614624759,,-0.0042093533421958,0.1134718796442637,0.1134718796442637,
1999-11-01,-0.0158642482876132,0.0629750235477164,0.0629750235477182,,-0.0217615464692801,0.066296278811107,0.0662962788111087,,-0.0077908782972162,0.1012483614624759,0.1012483614624759,
1999-12-01,-0.0245921946842084,0.1159007696154486,0.1159007696154486,,-0.0158642482876132,0.0629750235477164,0.0629750235477182,,-0.0217615464692801,0.066296278811107,0.0662962788111087,
2000-01-01,-0.0677553359283589,-0.2540631264018333,-0.2540631264018333,,-0.0245921946842084,0.1159007696154486,0.1159007696154486,,-0.0158642482876132,0.0629750235477164,0.0629750235477182,
2000-02-01,-0.1051075432304724,-0.0309952172735741,-0.0309952172735741,,-0.0677553359283589,-0.2540631264018333,-0.2540631264018333,,-0.0245921946842084,0.1159007696154486,0.1159007696154486,
2000-03-01,-0.0441890473848456,0.0023790157091614,0.0023790157091614,,-0.1051075432304724,-0.0309952172735741,-0.0309952172735741,,-0.0677553359283589,-0.2540631264018333,-0.2540631264018333,
2000-04-01,-0.0616996448193472,-0.0074842645941721,-0.0074842645941721,,-0.0441890473848456,0.0023790157091614,0.0023790157091614,,-0.1051075432304724,-0.0309952172735741,-0.0309952172735741,
2000-05-01,-0.126939204202042,-0.0992711869636959,-0.0992711869636959,,-0.0616996448193472,-0.0074842645941721,-0.0074842645941721,,-0.0441890473848456,0.0023790157091614,0.0023790157091614,
2000-06-01,-0.1078458814411238,-0.1158125013707422,-0.115812501370744,,-0.126939204202042,-0.0992711869636959,-0.0992711869636959,,-0.0616996448193472,-0.0074842645941721,-0.0074842645941721,
2000-07-01,-0.1111135732073354,-0.1259212947096095,-0.1259212947096095,,-0.1078458814411238,-0.1158125013707422,-0.115812501370744,,-0.126939204202042,-0.0992711869636959,-0.0992711869636959,
2000-08-01,-0.0975621501650145,-0.090147775377046,-0.090147775377046,,-0.1111135732073354,-0.1259212947096095,-0.1259212947096095,,-0.1078458814411238,-0.1158125013707422,-0.115812501370744,
2000-09-01,-0.092305795004778,-0.0894124817560619,-0.0894124817560602,,-0.0975621501650145,-0.090147775377046,-0.090147775377046,,-0.1111135732073354,-0.1259212947096095,-0.1259212947096095,
2000-10-01,-0.0909518173688876,-0.0624339423253559,-0.0624339423253559,,-0.092305795004778,-0.0894124817560619,-0.0894124817560602,,-0.0975621501650145,-0.090147775377046,-0.090147775377046,
2000-11-01,-0.0978555525990287,-0.0623061272017064,-0.0623061272017064,,-0.0909518173688876,-0.0624339423253559,-0.0624339423253559,,-0.092305795004778,-0.0894124817560619,-0.0894124817560602,
2000-12-01,-0.0960953296168671,-0.099581508974305,-0.099581508974305,,-0.0978555525990287,-0.0623061272017064,-0.0623061272017064,,-0.0909518173688876,-0.0624339423253559,-0.0624339423253559,
2001-01-01,0.1862974692207792,0.1691815663602742,0.1691815663602742,,-0.0960953296168671,-0.099581508974305,-0.099581508974305,,-0.0978555525990287,-0.0623061272017064,-0.0623061272017064,
2001-02-01,0.0842850412001041,-0.0200387594525732,-0.0200387594525732,,0.1862974692207792,0.1691815663602742,0.1691815663602742,,-0.0960953296168671,-0.099581508974305,-0.099581508974305,
2001-03-01,0.0258436647156834,-0.1367524683846941,-0.1367524683846941,,0.0842850412001041,-0.0200387594525732,-0.0200387594525732,,0.1862974692207792,0.1691815663602742,0.1691815663602742,
2001-04-01,0.00900322568285,-0.0667875963122313,-0.0667875963122313,,0.0258436647156834,-0.1367524683846941,-0.1367524683846941,,0.0842850412001041,-0.0200387594525732,-0.0200387594525732,
2001-05-01,0.0460630185701038,-0.0281226969662053,-0.0281226969662053,,0.00900322568285,-0.0667875963122313,-0.0667875963122313,,0.0258436647156834,-0.1367524683846941,-0.1367524683846941,
2001-06-01,0.0258595810043704,0.0176431922773119,0.0176431922773137,,0.0460630185701038,-0.0281226969662053,-0.0281226969662053,,0.00900322568285,-0.0667875963122313,-0.0667875963122313,
2001-07-01,0.0299984412346923,0.0380897484419016,0.0380897484419016,,0.0258595810043704,0.0176431922773119,0.0176431922773137,,0.0460630185701038,-0.0281226969662053,-0.0281226969662053,
2001-08-01,0.0273840231167632,0.025362759452765,0.025362759452765,,0.0299984412346923,0.0380897484419016,0.0380897484419016,,0.0258595810043704,0.0176431922773119,0.0176431922773137,
2001-09-01,0.0259810926800483,0.0346896302377484,0.0346896302377466,,0.0273840231167632,0.025362759452765,0.025362759452765,,0.0299984412346923,0.0380897484419016,0.0380897484419016,
2001-10-01,0.0278058726105463,0.0406677871405989,0.0406677871405989,,0.0259810926800483,0.0346896302377484,0.0346896302377466,,0.0273840231167632,0.025362759452765,0.025362759452765,
2001-11-01,0.0297382237629744,0.0571769879086918,0.05717698790869,,0.0278058726105463,0.0406677871405989,0.0406677871405989,,0.0259810926800483,0.0346896302377484,0.0346896302377466,
2001-12-01,0.0342081594443595,0.0740357069403572,0.0740357069403572,,0.0297382237629744,0.0571769879086918,0.05717698790869,,0.0278058726105463,0.0406677871405989,0.0406677871405989,
2002-01-01,-0.1994951290203097,0.3570439930264495,0.3570439930264495,,0.0342081594443595,0.0740357069403572,0.0740357069403572,,0.0297382237629744,0.0571769879086918,0.05717698790869,
2002-02-01,-0.0080143597344051,-0.1824553897705989,-0.1824553897705989,,-0.1994951290203097,0.3570439930264495,0.3570439930264495,,0.0342081594443595,0.0740357069403572,0.0740357069403572,
2002-03-01,-0.0075427062801107,-0.2101794834311778,-0.2101794834311778,,-0.0080143597344051,-0.1824553897705989,-0.1824553897705989,,-0.1994951290203097,0.3570439930264495,0.3570439930264495,
2002-04-01,0.0124080239885842,-0.1055390028518452,-0.1055390028518434,,-0.0075427062801107,-0.2101794834311778,-0.2101794834311778,,-0.0080143597344051,-0.1824553897705989,-0.1824553897705989,
2002-05-01,0.0185901804774299,-0.0533341010619192,-0.0533341010619192,,0.0124080239885842,-0.1055390028518452,-0.1055390028518434,,-0.0075427062801107,-0.2101794834311778,-0.2101794834311778,
2002-06-01,0.028757466700835,-0.0251704208363889,-0.0251704208363907,,0.0185901804774299,-0.0533341010619192,-0.0533341010619192,,0.0124080239885842,-0.1055390028518452,-0.1055390028518434,
2002-07-01,0.0280058236623865,0.0318678667788461,0.0318678667788461,,0.028757466700835,-0.0251704208363889,-0.0251704208363907,,0.0185901804774299,-0.0533341010619192,-0.0533341010619192,
2002-08-01,0.0305195070825021,0.0407318326796914,0.0407318326796897,,0.0280058236623865,0.0318678667788461,0.0318678667788461,,0.028757466700835,-0.0251704208363889,-0.0251704208363907,
2002-09-01,0.035860672717261,0.03697938403368,0.03697938403368,,0.0305195070825021,0.0407318326796914,0.0407318326796897,,0.0280058236623865,0.0318678667788461,0.0318678667788461,
2002-10-01,0.0315631024594864,0.0381026893436953,0.0381026893436953,,0.035860672717261,0.03697938403368,0.03697938403368,,0.0305195070825021,0.0407318326796914,0.0407318326796897,
2002-11-01,0.0412001768056313,0.0606007408075406,0.0606007408075424,,0.0315631024594864,0.0381026893436953,0.0381026893436953,,0.035860672717261,0.03697938403368,0.03697938403368,
2002-12-01,0.0422619404587347,0.1068938263440628,0.1068938263440628,,0.0412001768056313,0.0606007408075406,0.0606007408075424,,0.0315631024594864,0.0381026893436953,0.0381026893436953,
2003-01-01,0.246492861848985,0.0575051275356237,0.0575051275356237,0.0412211491212364,0.0422619404587347,0.1068938263440628,0.1068938263440628,,0.0412001768056313,0.0606007408075406,0.0606007408075424,
2003-02-01,0.1028065755133162,0.0563996884621236,0.0563996884621236,0.0432629525549952,0.246492861848985,0.0575051275356237,0.0575051275356237,0.0412211491212364,0.0422619404587347,0.1068938263440628,0.1068938263440628,
2003-03-01,0.0887963490426511,0.1360935709931077,0.1360935709931077,0.0471021161759299,0.1028065755133162,0.0563996884621236,0.0563996884621236,0.0432629525549952,0.246492861848985,0.0575051275356237,0.0575051275356237,0.0412211491212364
2003-04-01,0.0847328931542037,0.1724339125729894,0.1724339125729876,0.0527109710901161,0.0887963490426511,0.1360935709931077,0.1360935709931077,0.0471021161759299,0.1028065755133162,0.0563996884621236,0.0563996884621236,0.0432629525549952
2003-05-01,0.0613702148637038,0.1457669344594521,0.1457669344594521,0.0546784710921013,0.0847328931542037,0.1724339125729894,0.1724339125729876,0.0527109710901161,0.0887963490426511,0.1360935709931077,0.1360935709931077,0.0471021161759299
2003-06-01,0.055223091372671,0.1150855744364598,0.1150855744364616,0.0530525144907763,0.0613702148637038,0.1457669344594521,0.1457669344594521,0.0546784710921013,0.0847328931542037,0.1724339125729894,0.1724339125729876,0.0527109710901161
2003-07-01,0.055419368509133,0.0694629067482495,0.0694629067482477,0.0479114995503984,0.055223091372671,0.1150855744364598,0.1150855744364616,0.0530525144907763,0.0613702148637038,0.1457669344594521,0.1457669344594521,0.0546784710921013
2003-08-01,0.0562402022272667,0.0565003201831686,0.0565003201831704,0.0432092395860941,0.055419368509133,0.0694629067482495,0.0694629067482477,0.0479114995503984,0.055223091372671,0.1150855744364598,0.1150855744364616,0.0530525144907763
2003-09-01,0.0526299500722995,0.0891911311379392,0.0891911311379392,0.0389009741254753,0.0562402022272667,0.0565003201831686,0.0565003201831704,0.0432092395860941,0.055419368509133,0.0694629067482495,0.0694629067482477,0.0479114995503984
2003-10-01,0.0581861876432352,0.0887262738456016,0.0887262738456016,0.0349489967474418,0.0526299500722995,0.0891911311379392,0.0891911311379392,0.0389009741254753,0.0562402022272667,0.0565003201831686,0.0565003201831704,0.0432092395860941
2003-11-01,0.0478254135435403,0.0531193411866066,0.0531193411866066,0.0331589018269617,0.0581861876432352,0.0887262738456016,0.0887262738456016,0.0349489967474418,0.0526299500722995,0.0891911311379392,0.0891911311379392,0.0389009741254753
2003-12-01,0.0498155997779115,0.0520879694037912,0.0520879694037912,0.0335302696292725,0.0478254135435403,0.0531193411866066,0.0531193411866066,0.0331589018269617,0.0581861876432352,0.0887262738456016,0.0887262738456016,0.0349489967474418
2004-01-01,-0.0275696814168036,0.2536824142323155,0.2536824142323155,0.0360561390859928,0.0498155997779115,0.0520879694037912,0.0520879694037912,0.0335302696292725,0.0478254135435403,0.0531193411866066,0.0531193411866066,0.0331589018269617
2004-02-01,-0.0477509834434233,0.4067293307797044,0.4067293307797044,0.0351615051197935,-0.0275696814168036,0.2536824142323155,0.2536824142323155,0.0360561390859928,0.0498155997779115,0.0520879694037912,0.0520879694037912,0.0335302696292725
2004-03-01,0.0397891787098298,0.3988548795355058,0.398854879535504,0.030867057862439,-0.0477509834434233,0.4067293307797044,0.4067293307797044,0.0351615051197935,-0.0275696814168036,0.2536824142323155,0.2536824142323155,0.0360561390859928
2004-04-01,0.0346595261982294,0.2259938688145997,0.2259938688145997,0.0232017727024551,0.0397891787098298,0.3988548795355058,0.398854879535504,0.030867057862439,-0.0477509834434233,0.4067293307797044,0.4067293307797044,0.0351615051197935
2004-05-01,0.0110619494633414,0.2702464036236325,0.2702464036236325,0.0208833845594043,0.0346595261982294,0.2259938688145997,0.2259938688145997,0.0232017727024551,0.0397891787098298,0.3988548795355058,0.398854879535504,0.030867057862439
2004-06-01,0.0347702976439041,0.2804779119167406,0.2804779119167388,0.0238476923891628,0.0110619494633414,0.2702464036236325,0.2702464036236325,0.0208833845594043,0.0346595261982294,0.2259938688145997,0.2259938688145997,0.0232017727024551
2004-07-01,0.0453135802209132,0.2335652467766227,0.2335652467766244,0.0319592995234518,0.0347702976439041,0.2804779119167406,0.2804779119167388,0.0238476923891628,0.0110619494633414,0.2702464036236325,0.2702464036236325,0.0208833845594043
2004-08-01,0.0413414704466354,0.2193757394133566,0.2193757394133548,0.0395902067197155,0.0453135802209132,0.2335652467766227,0.2335652467766244,0.0319592995234518,0.0347702976439041,0.2804779119167406,0.2804779119167388,0.0238476923891628
2004-09-01,0.0430035694750934,0.1921468482574546,0.1921468482574546,0.0468111500802184,0.0413414704466354,0.2193757394133566,0.2193757394133548,0.0395902067197155,0.0453135802209132,0.2335652467766227,0.2335652467766244,0.0319592995234518
2004-10-01,0.0450984254861115,0.1697371210526466,0.1697371210526466,0.0536847484172682,0.0430035694750934,0.1921468482574546,0.1921468482574546,0.0468111500802184,0.0413414704466354,0.2193757394133566,0.2193757394133548,0.0395902067197155
2004-11-01,0.0477136674707505,0.165138387141793,0.165138387141793,0.05573778354006,0.0450984254861115,0.1697371210526466,0.1697371210526466,0.0536847484172682,0.0430035694750934,0.1921468482574546,0.1921468482574546,0.0468111500802184
2004-12-01,0.0547179724088859,0.1587100956690417,0.1587100956690417,0.0529842068996853,0.0477136674707505,0.165138387141793,0.165138387141793,0.05573778354006,0.0450984254861115,0.1697371210526466,0.1697371210526466,0.0536847484172682
2005-01-01,0.0656134169829822,-0.1585754658076137,-0.1585754658076155,0.0454142858116615,0.0547179724088859,0.1587100956690417,0.1587100956690417,0.0529842068996853,0.0477136674707505,0.165138387141793,0.165138387141793,0.05573778354006
2005-02-01,0.0579898610678562,-0.1994220894595457,-0.1994220894595457,0.0403555371874713,0.0656134169829822,-0.1585754658076137,-0.1585754658076155,0.0454142858116615,0.0547179724088859,0.1587100956690417,0.1587100956690417,0.0529842068996853
2005-03-01,0.0305740513783536,-0.1716430245147684,-0.1716430245147684,0.037815574991832,0.0579898610678562,-0.1994220894595457,-0.1994220894595457,0.0403555371874713,0.0656134169829822,-0.1585754658076137,-0.1585754658076155,0.0454142858116615
2005-04-01,0.0534197134077949,-0.1050562000802273,-0.1050562000802255,0.0378024738499487,0.0305740513783536,-0.1716430245147684,-0.1716430245147684,0.037815574991832,0.0579898610678562,-0.1994220894595457,-0.1994220894595457,0.0403555371874713
2005-05-01,0.070075865940101,-0.1394200631758479,-0.1394200631758497,0.0374534262288825,0.0534197134077949,-0.1050562000802273,-0.1050562000802255,0.0378024738499487,0.0305740513783536,-0.1716430245147684,-0.1716430245147684,0.037815574991832
2005-06-01,0.0716076089565866,-0.122981564875463,-0.122981564875463,0.0367771489893655,0.070075865940101,-0.1394200631758479,-0.1394200631758497,0.0374534262288825,0.0534197134077949,-0.1050562000802273,-0.1050562000802255,0.0378024738499487
2005-07-01,0.0582779456704614,-0.0998693939922041,-0.0998693939922041,0.0357914106066736,0.0716076089565866,-0.122981564875463,-0.122981564875463,0.0367771489893655,0.070075865940101,-0.1394200631758479,-0.1394200631758497,0.0374534262288825
2005-08-01,0.0630365550470219,-0.0772676434917034,-0.0772676434917016,0.0300166509677026,0.0582779456704614,-0.0998693939922041,-0.0998693939922041,0.0357914106066736,0.0716076089565866,-0.122981564875463,-0.122981564875463,0.0367771489893655
2005-09-01,0.0654361389204041,-0.0696794880385986,-0.0696794880385986,0.0194727109740018,0.0630365550470219,-0.0772676434917034,-0.0772676434917016,0.0300166509677026,0.0582779456704614,-0.0998693939922041,-0.0998693939922041,0.0357914106066736
2005-10-01,0.0645340503388975,-0.0782916410527487,-0.0782916410527487,0.0040276945031454,0.0654361389204041,-0.0696794880385986,-0.0696794880385986,0.0194727109740018,0.0630365550470219,-0.0772676434917034,-0.0772676434917016,0.0300166509677026
2005-11-01,0.0633849574493545,-0.0618412734428233,-0.0618412734428233,-0.003439993157233,0.0645340503388975,-0.0782916410527487,-0.0782916410527487,0.0040276945031454,0.0654361389204041,-0.0696794880385986,-0.0696794880385986,0.0194727109740018
2005-12-01,0.0592227848212587,-0.0352887401187267,-0.0352887401187267,-0.0028626534672877,0.0633849574493545,-0.0618412734428233,-0.0618412734428233,-0.003439993157233,0.0645340503388975,-0.0782916410527487,-0.0782916410527487,0.0040276945031454
2006-01-01,-0.0330414353546206,0.1315662331032161,0.1315662331032179,0.0057895124707556,0.0592227848212587,-0.0352887401187267,-0.0352887401187267,-0.0028626534672877,0.0633849574493545,-0.0618412734428233,-0.0618412734428233,-0.003439993157233
2006-02-01,0.0925631216351199,0.0329191651176046,0.0329191651176046,0.0101936124337971,-0.0330414353546206,0.1315662331032161,0.1315662331032179,0.0057895124707556,0.0592227848212587,-0.0352887401187267,-0.0352887401187267,-0.0028626534672877
2006-03-01,0.0961852804261642,0.0576094276035128,0.0576094276035146,0.0103437386511142,0.0925631216351199,0.0329191651176046,0.0329191651176046,0.0101936124337971,-0.0330414353546206,0.1315662331032161,0.1315662331032179,0.0057895124707556
2006-04-01,0.0493181100927859,0.0394328014559448,0.039432801455943,0.0062110264576595,0.0961852804261642,0.0576094276035128,0.0576094276035146,0.0103437386511142,0.0925631216351199,0.0329191651176046,0.0329191651176046,0.0101936124337971
2006-05-01,0.0792493716541411,0.0580914693217149,0.0580914693217167,0.0018833783876992,0.0493181100927859,0.0394328014559448,0.039432801455943,0.0062110264576595,0.0961852804261642,0.0576094276035128,0.0576094276035146,0.0103437386511142
2006-06-01,0.0737821155710882,0.0360108440767596,0.0360108440767614,-0.002579471798052,0.0792493716541411,0.0580914693217149,0.0580914693217167,0.0018833783876992,0.0493181100927859,0.0394328014559448,0.039432801455943,0.0062110264576595
2006-07-01,0.0743752858144031,0.0509725720193507,0.0509725720193507,-0.0071150135458051,0.0737821155710882,0.0360108440767596,0.0360108440767614,-0.002579471798052,0.0792493716541411,0.0580914693217149,0.0580914693217167,0.0018833783876992
2006-08-01,0.072280003735706,0.0736572837900482,0.0736572837900482,-0.0069109925958112,0.0743752858144031,0.0509725720193507,0.0509725720193507,-0.0071150135458051,0.0737821155710882,0.0360108440767596,0.0360108440767614,-0.002579471798052
2006-09-01,0.0683718058548166,0.0708956505671416,0.0708956505671416,-0.0020346140837723,0.072280003735706,0.0736572837900482,0.0736572837900482,-0.0069109925958112,0.0743752858144031,0.0509725720193507,0.0509725720193507,-0.0071150135458051
2006-10-01,0.0691566522462476,0.0935522603716574,0.0935522603716574,0.0075981594239848,0.0683718058548166,0.0708956505671416,0.0708956505671416,-0.0020346140837723,0.072280003735706,0.0736572837900482,0.0736572837900482,-0.0069109925958112
2006-11-01,0.0711057971952691,0.1004395611390318,0.1004395611390318,0.0152598330685496,0.0691566522462476,0.0935522603716574,0.0935522603716574,0.0075981594239848,0.0683718058548166,0.0708956505671416,0.0708956505671416,-0.0020346140837723
2006-12-01,0.0714527935520301,0.1143600960131188,0.1143600960131188,0.020851604638004,0.0711057971952691,0.1004395611390318,0.1004395611390318,0.0152598330685496,0.0691566522462476,0.0935522603716574,0.0935522603716574,0.0075981594239848
2007-01-01,0.1281847048234094,0.0868358661513859,0.0868358661513859,0.0243212621488755,0.0714527935520301,0.1143600960131188,0.1143600960131188,0.020851604638004,0.0711057971952691,0.1004395611390318,0.1004395611390318,0.0152598330685496
2007-02-01,0.0443508220958985,0.1157082255870509,0.1157082255870509,0.0240624932924777,0.1281847048234094,0.0868358661513859,0.0868358661513859,0.0243212621488755,0.0714527935520301,0.1143600960131188,0.1143600960131188,0.020851604638004
2007-03-01,0.0513628259914558,0.1162073982951863,0.1162073982951863,0.0200791520889289,0.0443508220958985,0.1157082255870509,0.1157082255870509,0.0240624932924777,0.1281847048234094,0.0868358661513859,0.0868358661513859,0.0243212621488755
2007-04-01,0.0750594286112793,0.2005875941200159,0.2005875941200159,0.0122646921409206,0.0513628259914558,0.1162073982951863,0.1162073982951863,0.0200791520889289,0.0443508220958985,0.1157082255870509,0.1157082255870509,0.0240624932924777
2007-05-01,0.0579893186699251,0.163910687825421,0.163910687825421,0.0086183513521618,0.0750594286112793,0.2005875941200159,0.2005875941200159,0.0122646921409206,0.0513628259914558,0.1162073982951863,0.1162073982951863,0.0200791520889289
2007-06-01,0.0636471176639243,0.1762250337160988,0.1762250337160971,0.0092447126295525,0.0579893186699251,0.163910687825421,0.163910687825421,0.0086183513521618,0.0750594286112793,0.2005875941200159,0.2005875941200159,0.0122646921409206
2007-07-01,0.0639076086316272,0.1763828937347611,0.1763828937347611,0.0140807410765262,0.0636471176639243,0.1762250337160988,0.1762250337160971,0.0092447126295525,0.0579893186699251,0.163910687825421,0.163910687825421,0.0086183513521618
2007-08-01,0.0635189059517458,0.147522880594721,0.147522880594721,0.0162074604723407,0.0639076086316272,0.1763828937347611,0.1763828937347611,0.0140807410765262,0.0636471176639243,0.1762250337160988,0.1762250337160971,0.0092447126295525
2007-09-01,0.0624314191437758,0.1555626869065012,0.1555626869065012,0.0157019185722102,0.0635189059517458,0.147522880594721,0.147522880594721,0.0162074604723407,0.0639076086316272,0.1763828937347611,0.1763828937347611,0.0140807410765262
2007-10-01,0.0628402795407403,0.1555814089481924,0.1555814089481924,0.012571849716636,0.0624314191437758,0.1555626869065012,0.1555626869065012,0.0157019185722102,0.0635189059517458,0.147522880594721,0.147522880594721,0.0162074604723407
2007-11-01,0.0584706434888335,0.1423627982447577,0.1423627982447577,0.0049616854867675,0.0628402795407403,0.1555814089481924,0.1555814089481924,0.012571849716636,0.0624314191437758,0.1555626869065012,0.1555626869065012,0.0157019185722102
2007-12-01,0.0640498522775576,0.1590314009519602,0.1590314009519602,-0.0071430931484197,0.0584706434888335,0.1423627982447577,0.1423627982447577,0.0049616854867675,0.0628402795407403,0.1555814089481924,0.1555814089481924,0.012571849716636
2008-01-01,0.1520376076165401,-0.1519253247066814,-0.1519253247066814,-0.0237440272955034,0.0640498522775576,0.1590314009519602,0.1590314009519602,-0.0071430931484197,0.0584706434888335,0.1423627982447577,0.1423627982447577,0.0049616854867675
2008-02-01,0.0931478851030576,0.0367995593893102,0.0367995593893102,-0.0268790738593285,0.1520376076165401,-0.1519253247066814,-0.1519253247066814,-0.0237440272955034,0.0640498522775576,0.1590314009519602,0.1590314009519602,-0.0071430931484197
2008-03-01,0.0247715271924384,-0.0143722532233834,-0.0143722532233852,-0.0165074130650513,0.0931478851030576,0.0367995593893102,0.0367995593893102,-0.0268790738593285,0.1520376076165401,-0.1519253247066814,-0.1519253247066814,-0.0237440272955034
2008-04-01,0.0603044505600944,-0.0350886485892782,-0.0350886485892782,0.0074135288146219,0.0247715271924384,-0.0143722532233834,-0.0143722532233852,-0.0165074130650513,0.0931478851030576,0.0367995593893102,0.0367995593893102,-0.0268790738593285
2008-05-01,0.0618226986779202,-0.0372940562434305,-0.0372940562434305,0.0208945283954076,0.0603044505600944,-0.0350886485892782,-0.0350886485892782,0.0074135288146219,0.0247715271924384,-0.0143722532233834,-0.0143722532233852,-0.0165074130650513
2008-06-01,0.0711756272265731,-0.0300513051353021,-0.0300513051353004,0.0238682114432897,0.0618226986779202,-0.0372940562434305,-0.0372940562434305,0.0208945283954076,0.0603044505600944,-0.0350886485892782,-0.0350886485892782,0.0074135288146219
2008-07-01,0.0642888296537709,-0.0010485845071244,-0.0010485845071244,0.0164846405659293,0.0711756272265731,-0.0300513051353021,-0.0300513051353004,0.0238682114432897,0.0618226986779202,-0.0372940562434305,-0.0372940562434305,0.0208945283954076
2008-08-01,0.0636948598280149,0.0138095564520117,0.0138095564520117,0.0148886099018348,0.0642888296537709,-0.0010485845071244,-0.0010485845071244,0.0164846405659293,0.0711756272265731,-0.0300513051353021,-0.0300513051353004,0.0238682114432897
2008-09-01,0.0635491019344858,0.0210496724041284,0.0210496724041284,0.0189564703280638,0.0636948598280149,0.0138095564520117,0.0138095564520117,0.0148886099018348,0.0642888296537709,-0.0010485845071244,-0.0010485845071244,0.0164846405659293
2008-10-01,0.0633249968772062,0.0261212976496398,0.0261212976496398,0.0286614254177983,0.0635491019344858,0.0210496724041284,0.0210496724041284,0.0189564703280638,0.0636948598280149,0.0138095564520117,0.0138095564520117,0.0148886099018348
2008-11-01,0.0635049065635744,0.0153468708409469,0.0153468708409452,0.0373800606094238,0.0633249968772062,0.0261212976496398,0.0261212976496398,0.0286614254177983,0.0635491019344858,0.0210496724041284,0.0210496724041284,0.0189564703280638
2008-12-01,0.0633140413224033,0.0178480792662494,0.0178480792662494,0.0451657951548973,0.0635049065635744,0.0153468708409469,0.0153468708409452,0.0373800606094238,0.0633249968772062,0.0261212976496398,0.0261212976496398,0.0286614254177983
2009-01-01,-0.1581769714165499,0.002245057501133,0.002245057501133,0.052060068368382,0.0633140413224033,0.0178480792662494,0.0178480792662494,0.0451657951548973,0.0635049065635744,0.0153468708409469,0.0153468708409452,0.0373800606094238
2009-02-01,0.0397216110498579,-0.1382832156028932,-0.1382832156028932,0.0539480801799339,-0.1581769714165499,0.002245057501133,0.002245057501133,0.052060068368382,0.0633140413224033,0.0178480792662494,0.0178480792662494,0.0451657951548973
2009-03-01,0.0511167785574055,-0.0540963602427808,-0.054096360242779,0.0507813443453386,0.0397216110498579,-0.1382832156028932,-0.1382832156028932,0.0539480801799339,-0.1581769714165499,0.002245057501133,0.002245057501133,0.052060068368382
2009-04-01,0.028795167597817,-0.0051258266936535,-0.0051258266936535,0.0426387444927396,0.0511167785574055,-0.0540963602427808,-0.054096360242779,0.0507813443453386,0.0397216110498579,-0.1382832156028932,-0.1382832156028932,0.0539480801799339
2009-05-01,0.0240689621247813,0.0214898447674496,0.0214898447674514,0.0388550839058314,0.028795167597817,-0.0051258266936535,-0.0051258266936535,0.0426387444927396,0.0511167785574055,-0.0540963602427808,-0.054096360242779,0.0507813443453386
2009-06-01,0.047304832537403,-0.0088381406719797,-0.0088381406719815,0.0393425337457404,0.0240689621247813,0.0214898447674496,0.0214898447674514,0.0388550839058314,0.028795167597817,-0.0051258266936535,-0.0051258266936535,0.0426387444927396
2009-07-01,0.0468699796453311,0.0256772904863353,0.0256772904863353,0.0440049657680496,0.047304832537403,-0.0088381406719797,-0.0088381406719815,0.0393425337457404,0.0240689621247813,0.0214898447674496,0.0214898447674514,0.0388550839058314
2009-08-01,0.0460224263227111,0.0360447636283041,0.0360447636283023,0.042084164091543,0.0468699796453311,0.0256772904863353,0.0256772904863353,0.0440049657680496,0.047304832537403,-0.0088381406719797,-0.0088381406719815,0.0393425337457404
2009-09-01,0.0470293632315694,0.0165126026008444,0.0165126026008444,0.0336528588478071,0.0460224263227111,0.0360447636283041,0.0360447636283023,0.042084164091543,0.0468699796453311,0.0256772904863353,0.0256772904863353,0.0440049657680496
2009-10-01,0.0467802977484392,0.0167890627697797,0.0167890627697815,0.0186564289431796,0.0470293632315694,0.0165126026008444,0.0165126026008444,0.0336528588478071,0.0460224263227111,0.0360447636283041,0.0360447636283023,0.042084164091543
2009-11-01,0.0516793052045443,0.1168913559659454,0.1168913559659472,0.0120178644287118,0.0467802977484392,0.0167890627697797,0.0167890627697815,0.0186564289431796,0.0470293632315694,0.0165126026008444,0.0165126026008444,0.0336528588478071
2009-12-01,0.0519355012709716,0.0692325292626776,0.0692325292626776,0.0137764429932989,0.0516793052045443,0.1168913559659454,0.1168913559659472,0.0120178644287118,0.0467802977484392,0.0167890627697797,0.0167890627697815,0.0186564289431796
2010-01-01,0.1000716100051715,0.1730207763080873,0.1730207763080873,0.0172563622613797,0.0519355012709716,0.0692325292626776,0.0692325292626776,0.0137764429932989,0.0516793052045443,0.1168913559659454,0.1168913559659472,0.0120178644287118
2010-02-01,0.0444911379841368,0.0859441606666511,0.0859441606666511,0.0154292124535633,0.1000716100051715,0.1730207763080873,0.1730207763080873,0.0172563622613797,0.0519355012709716,0.0692325292626776,0.0692325292626776,0.0137764429932989
2010-03-01,0.0656924895697414,0.0550400038252547,0.0550400038252529,0.0123990845039685,0.0444911379841368,0.0859441606666511,0.0859441606666511,0.0154292124535633,0.1000716100051715,0.1730207763080873,0.1730207763080873,0.0172563622613797
2010-04-01,0.0431368364866742,0.0017115299027885,0.0017115299027885,0.0105905823114422,0.0656924895697414,0.0550400038252547,0.0550400038252529,0.0123990845039685,0.0444911379841368,0.0859441606666511,0.0859441606666511,0.0154292124535633
2010-05-01,0.0541389170335033,-0.0013806955877306,-0.0013806955877324,0.008270109995589,0.0431368364866742,0.0017115299027885,0.0017115299027885,0.0105905823114422,0.0656924895697414,0.0550400038252547,0.0550400038252529,0.0123990845039685
2010-06-01,0.0233831550882435,0.0312419119357887,0.0312419119357887,0.0060310432805881,0.0541389170335033,-0.0013806955877306,-0.0013806955877324,0.008270109995589,0.0431368364866742,0.0017115299027885,0.0017115299027885,0.0105905823114422
2010-07-01,0.0301743504828895,-0.0187942312926896,-0.0187942312926896,0.0045745169152997,0.0233831550882435,0.0312419119357887,0.0312419119357887,0.0060310432805881,0.0541389170335033,-0.0013806955877306,-0.0013806955877324,0.008270109995589
2010-08-01,0.0226959269738351,-0.0351101113287803,-0.0351101113287786,0.0025258783971118,0.0301743504828895,-0.0187942312926896,-0.0187942312926896,0.0045745169152997,0.0233831550882435,0.0312419119357887,0.0312419119357887,0.0060310432805881
2010-09-01,0.0262103469296466,-0.0236333320681971,-0.0236333320681971,0.0036365612371991,0.0226959269738351,-0.0351101113287803,-0.0351101113287786,0.0025258783971118,0.0301743504828895,-0.0187942312926896,-0.0187942312926896,0.0045745169152997
2010-10-01,0.0142926096192379,-0.033046539178704,-0.033046539178704,0.0002042601607605,0.0262103469296466,-0.0236333320681971,-0.0236333320681971,0.0036365612371991,0.0226959269738351,-0.0351101113287803,-0.0351101113287786,0.0025258783971118
2010-11-01,0.0099280280652997,-0.123617239290029,-0.1236172392900307,-0.0009314033136345,0.0142926096192379,-0.033046539178704,-0.033046539178704,0.0002042601607605,0.0262103469296466,-0.0236333320681971,-0.0236333320681971,0.0036365612371991
2010-12-01,0.0151129791697908,-0.0478037613275255,-0.0478037613275237,0.0003458161133629,0.0099280280652997,-0.123617239290029,-0.1236172392900307,-0.0009314033136345,0.0142926096192379,-0.033046539178704,-0.033046539178704,0.0002042601607605
2011-01-01,0.1588511352647525,-0.2979884349490866,-0.2979884349490866,-0.000145089020302,0.0151129791697908,-0.0478037613275255,-0.0478037613275237,0.0003458161133629,0.0099280280652997,-0.123617239290029,-0.1236172392900307,-0.0009314033136345
2011-02-01,0.0242637494750379,-0.2040214870844288,-0.2040214870844288,-0.0008682888785696,0.1588511352647525,-0.2979884349490866,-0.2979884349490866,-0.000145089020302,0.0151129791697908,-0.0478037613275255,-0.0478037613275237,0.0003458161133629
2011-03-01,0.0083571708111964,-0.1094210084952713,-0.1094210084952695,0.0036063154620844,0.0242637494750379,-0.2040214870844288,-0.2040214870844288,-0.0008682888785696,0.1588511352647525,-0.2979884349490866,-0.2979884349490866,-0.000145089020302
2011-04-01,0.0120669452184376,-0.0607266480081047,-0.0607266480081047,0.0084847107933132,0.0083571708111964,-0.1094210084952713,-0.1094210084952695,0.0036063154620844,0.0242637494750379,-0.2040214870844288,-0.2040214870844288,-0.0008682888785696
2011-05-01,0.0001400420128323,-0.0561208682619494,-0.0561208682619476,0.0136019830295097,0.0120669452184376,-0.0607266480081047,-0.0607266480081047,0.0084847107933132,0.0083571708111964,-0.1094210084952713,-0.1094210084952695,0.0036063154620844
2011-06-01,0.0048298212920148,-0.0887881384545661,-0.0887881384545661,0.0080276411979909,0.0001400420128323,-0.0561208682619494,-0.0561208682619476,0.0136019830295097,0.0120669452184376,-0.0607266480081047,-0.0607266480081047,0.0084847107933132
2011-07-01,0.0092525523735691,-0.1111949903443481,-0.1111949903443481,0.0035163180358335,0.0048298212920148,-0.0887881384545661,-0.0887881384545661,0.0080276411979909,0.0001400420128323,-0.0561208682619494,-0.0561208682619476,0.0136019830295097
2011-08-01,0.0191835570538714,-0.1026394255434652,-0.102639425543467,-0.0009201464686068,0.0092525523735691,-0.1111949903443481,-0.1111949903443481,0.0035163180358335,0.0048298212920148,-0.0887881384545661,-0.0887881384545661,0.0080276411979909
2011-09-01,0.0089351073368604,-0.1061194424224325,-0.1061194424224325,0.0013416210747827,0.0191835570538714,-0.1026394255434652,-0.102639425543467,-0.0009201464686068,0.0092525523735691,-0.1111949903443481,-0.1111949903443481,0.0035163180358335
2011-10-01,0.0198705234129263,-0.1122106142590517,-0.1122106142590535,0.0034603094152334,0.0089351073368604,-0.1061194424224325,-0.1061194424224325,0.0013416210747827,0.0191835570538714,-0.1026394255434652,-0.102639425543467,-0.0009201464686068
2011-11-01,0.0249948579135121,-0.0681461313855571,-0.0681461313855553,-0.0026828066670372,0.0198705234129263,-0.1122106142590517,-0.1122106142590535,0.0034603094152334,0.0089351073368604,-0.1061194424224325,-0.1061194424224325,0.0013416210747827
2011-12-01,0.0163916397021299,-0.0700358754325947,-0.0700358754325964,-0.0022939496455798,0.0249948579135121,-0.0681461313855571,-0.0681461313855553,-0.0026828066670372,0.0198705234129263,-0.1122106142590517,-0.1122106142590535,0.0034603094152334
2012-01-01,-0.1223789747832082,-0.7938275004672944,-0.7938275004672944,-0.0024668282561517,0.0163916397021299,-0.0700358754325947,-0.0700358754325964,-0.0022939496455798,0.0249948579135121,-0.0681461313855571,-0.0681461313855553,-0.0026828066670372
2012-02-01,-0.0145026274143358,-0.600248092942353,-0.600248092942353,-0.0039471158157091,-0.1223789747832082,-0.7938275004672944,-0.7938275004672944,-0.0024668282561517,0.0163916397021299,-0.0700358754325947,-0.0700358754325964,-0.0022939496455798
2012-03-01,-0.0090886389335143,-0.4703076623643003,-0.4703076623643003,-0.0084206580240255,-0.0145026274143358,-0.600248092942353,-0.600248092942353,-0.0039471158157091,-0.1223789747832082,-0.7938275004672944,-0.7938275004672944,-0.0024668282561517
2012-04-01,0.0010186969015624,-0.3978539385409654,-0.3978539385409654,-0.0172232870153834,-0.0090886389335143,-0.4703076623643003,-0.4703076623643003,-0.0084206580240255,-0.0145026274143358,-0.600248092942353,-0.600248092942353,-0.0039471158157091
2012-05-01,0.0140343074304531,-0.3663823693378578,-0.3663823693378596,-0.0251793063453877,0.0010186969015624,-0.3978539385409654,-0.3978539385409654,-0.0172232870153834,-0.0090886389335143,-0.4703076623643003,-0.4703076623643003,-0.0084206580240255
2012-06-01,0.0101519249643846,-0.2983240839022727,-0.2983240839022709,-0.0228065264986305,0.0140343074304531,-0.3663823693378578,-0.3663823693378596,-0.0251793063453877,0.0010186969015624,-0.3978539385409654,-0.3978539385409654,-0.0172232870153834
2012-07-01,0.0040983533311802,-0.3260272188395436,-0.3260272188395436,-0.0390478595301448,0.0101519249643846,-0.2983240839022727,-0.2983240839022709,-0.0228065264986305,0.0140343074304531,-0.3663823693378578,-0.3663823693378596,-0.0251793063453877
2012-08-01,0.0021910761976169,-0.2883148928382102,-0.2883148928382084,-0.0413084184852916,0.0040983533311802,-0.3260272188395436,-0.3260272188395436,-0.0390478595301448,0.0101519249643846,-0.2983240839022727,-0.2983240839022709,-0.0228065264986305
2012-09-01,0.0078640296085552,-0.2597399622510803,-0.2597399622510803,-0.0439431918771138,0.0021910761976169,-0.2883148928382102,-0.2883148928382084,-0.0413084184852916,0.0040983533311802,-0.3260272188395436,-0.3260272188395436,-0.0390478595301448
2012-10-01,0.009468490543675,-0.2240414307946068,-0.2240414307946068,-0.038378045969786,0.0078640296085552,-0.2597399622510803,-0.2597399622510803,-0.0439431918771138,0.0021910761976169,-0.2883148928382102,-0.2883148928382084,-0.0413084184852916
2012-11-01,0.0028066301909834,-0.2463306249842602,-0.2463306249842602,-0.0359547634811665,0.009468490543675,-0.2240414307946068,-0.2240414307946068,-0.038378045969786,0.0078640296085552,-0.2597399622510803,-0.2597399622510803,-0.0439431918771138
2012-12-01,-0.0209693780783357,-0.2022284825869693,-0.2022284825869693,-0.039539373599073,0.0028066301909834,-0.2463306249842602,-0.2463306249842602,-0.0359547634811665,0.009468490543675,-0.2240414307946068,-0.2240414307946068,-0.038378045969786
2013-01-01,-0.4553941341226508,-0.0754058308693217,-0.0754058308693217,-0.036576312494521,-0.0209693780783357,-0.2022284825869693,-0.2022284825869693,-0.039539373599073,0.0028066301909834,-0.2463306249842602,-0.2463306249842602,-0.0359547634811665
2013-02-01,-0.5439575148153021,-0.024745420261075,-0.024745420261075,-0.0326853858895166,-0.4553941341226508,-0.0754058308693217,-0.0754058308693217,-0.036576312494521,-0.0209693780783357,-0.2022284825869693,-0.2022284825869693,-0.039539373599073
2013-03-01,-0.531991205705717,-0.0371719151703402,-0.0371719151703402,-0.0310365737233162,-0.5439575148153021,-0.024745420261075,-0.024745420261075,-0.0326853858895166,-0.4553941341226508,-0.0754058308693217,-0.0754058308693217,-0.036576312494521
2013-04-01,-0.5623698998593376,-0.0528929993986011,-0.0528929993986011,-0.0281052058563187,-0.531991205705717,-0.0371719151703402,-0.0371719151703402,-0.0310365737233162,-0.5439575148153021,-0.024745420261075,-0.024745420261075,-0.0326853858895166
2013-05-01,-0.5313692297305312,-0.0283789695796112,-0.0283789695796112,-0.0236908552556123,-0.5623698998593376,-0.0528929993986011,-0.0528929993986011,-0.0281052058563187,-0.531991205705717,-0.0371719151703402,-0.0371719151703402,-0.0310365737233162
2013-06-01,-0.5410395365863412,-0.0364716309393546,-0.0364716309393564,-0.0198882717491866,-0.5313692297305312,-0.0283789695796112,-0.0283789695796112,-0.0236908552556123,-0.5623698998593376,-0.0528929993986011,-0.0528929993986011,-0.0281052058563187
2013-07-01,-0.5425594120309167,0.0277768015400443,0.0277768015400425,-0.0192701482914756,-0.5410395365863412,-0.0364716309393546,-0.0364716309393564,-0.0198882717491866,-0.5313692297305312,-0.0283789695796112,-0.0283789695796112,-0.0236908552556123
2013-08-01,-0.5443487217801284,-0.0065820099057045,-0.0065820099057063,-0.0166578198347835,-0.5425594120309167,0.0277768015400443,0.0277768015400425,-0.0192701482914756,-0.5410395365863412,-0.0364716309393546,-0.0364716309393564,-0.0198882717491866
2013-09-01,-0.5537064899376176,-0.023637370309272,-0.023637370309272,-0.0058788406566243,-0.5443487217801284,-0.0065820099057045,-0.0065820099057063,-0.0166578198347835,-0.5425594120309167,0.0277768015400443,0.0277768015400425,-0.0192701482914756
2013-10-01,-0.5436587156863765,-0.0323994689607953,-0.0323994689607953,0.0064943327344657,-0.5537064899376176,-0.023637370309272,-0.023637370309272,-0.0058788406566243,-0.5443487217801284,-0.0065820099057045,-0.0065820099057063,-0.0166578198347835
2013-11-01,-0.5462428089937319,-0.0353841593345425,-0.0353841593345425,0.0128892662164687,-0.5436587156863765,-0.0323994689607953,-0.0323994689607953,0.0064943327344657,-0.5537064899376176,-0.023637370309272,-0.023637370309272,-0.0058788406566243
2013-12-01,-0.5405336540012442,-0.0975207337542158,-0.0975207337542158,0.0157627675904645,-0.5462428089937319,-0.0353841593345425,-0.0353841593345425,0.0128892662164687,-0.5436587156863765,-0.0323994689607953,-0.0323994689607953,0.0064943327344657
2014-01-01,0.0079600970278761,0.0330776021646332,-0.1153595501251603,0.0211051095861343,-0.5405336540012442,-0.0975207337542158,-0.0975207337542158,0.0157627675904645,-0.5462428089937319,-0.0353841593345425,-0.0353841593345425,0.0128892662164687
2014-02-01,-0.0043604200758231,0.0126551929400591,-0.029746065364419,0.0223024209405426,0.0079600970278761,0.0330776021646332,-0.1153595501251603,0.0211051095861343,-0.5405336540012442,-0.0975207337542158,-0.0975207337542158,0.0157627675904645
2014-03-01,-0.0026991847807078,0.026166387369626,-0.0120753244459468,0.0219913858937861,-0.0043604200758231,0.0126551929400591,-0.029746065364419,0.0223024209405426,0.0079600970278761,0.0330776021646332,-0.1153595501251603,0.0211051095861343
2014-04-01,-0.0052660532729102,0.0139874204966492,0.0235304974101939,0.0267732131459794,-0.0026991847807078,0.026166387369626,-0.0120753244459468,0.0219913858937861,-0.0043604200758231,0.0126551929400591,-0.029746065364419,0.0223024209405426
2014-05-01,-0.0036076702037668,0.0191905697436638,0.0263012847306534,0.0261703516327624,-0.0052660532729102,0.0139874204966492,0.0235304974101939,0.0267732131459794,-0.0026991847807078,0.026166387369626,-0.0120753244459468,0.0219913858937861
2014-06-01,-0.0035000733598042,0.0121227086563955,0.0176905010832282,0.0245224589217638,-0.0036076702037668,0.0191905697436638,0.0263012847306534,0.0261703516327624,-0.0052660532729102,0.0139874204966492,0.0235304974101939,0.0267732131459794
2014-07-01,-0.0016160944195586,0.0121555861189897,0.0197496105798222,0.0270635377503385,-0.0035000733598042,0.0121227086563955,0.0176905010832282,0.0245224589217638,-0.0036076702037668,0.0191905697436638,0.0263012847306534,0.0261703516327624
2014-08-01,0.0001973586836001,0.0102837481834683,-0.0015499257946292,0.0249869659654695,-0.0016160944195586,0.0121555861189897,0.0197496105798222,0.0270635377503385,-0.0035000733598042,0.0121227086563955,0.0176905010832282,0.0245224589217638
2014-09-01,0.0018231277563174,0.004918662962293,-0.0192178401002767,0.02816368347092,0.0001973586836001,0.0102837481834683,-0.0015499257946292,0.0249869659654695,-0.0016160944195586,0.0121555861189897,0.0197496105798222,0.0270635377503385
2014-10-01,0.0035489074857011,0.0033319764268622,-0.0171813138210872,0.0071507139352071,0.0018231277563174,0.004918662962293,-0.0192178401002767,0.02816368347092,0.0001973586836001,0.0102837481834683,-0.0015499257946292,0.0249869659654695
2014-11-01,0.0032279230998391,0.0023448839845645,-0.0110902434520827,0.0121106156406138,0.0035489074857011,0.0033319764268622,-0.0171813138210872,0.0071507139352071,0.0018231277563174,0.004918662962293,-0.0192178401002767,0.02816368347092
2014-12-01,0.002542730388491,-0.0001644376236988,-0.0247732253514136,0.0216649091611653,0.0032279230998391,0.0023448839845645,-0.0110902434520827,0.0121106156406138,0.0035489074857011,0.0033319764268622,-0.0171813138210872,0.0071507139352071
2015-01-01,0.0457858685889789,-0.0231748406863108,-0.0706004273440443,0.0238297410233574,0.002542730388491,-0.0001644376236988,-0.0247732253514136,0.0216649091611653,0.0032279230998391,0.0023448839845645,-0.0110902434520827,0.0121106156406138
2015-02-01,0.041122830416544,-0.0104501203817441,0.0452293770347651,0.0311923872155368,0.0457858685889789,-0.0231748406863108,-0.0706004273440443,0.0238297410233574,0.002542730388491,-0.0001644376236988,-0.0247732253514136,0.0216649091611653
2015-03-01,0.0410628493855025,-0.0068372564547356,0.0688948947073697,0.038049687698118,0.041122830416544,-0.0104501203817441,0.0452293770347651,0.0311923872155368,0.0457858685889789,-0.0231748406863108,-0.0706004273440443,0.0238297410233574
2015-04-01,0.0410657635304829,0.018487573186988,0.0371380281516753,0.0390663401043678,0.0410628493855025,-0.0068372564547356,0.0688948947073697,0.038049687698118,0.041122830416544,-0.0104501203817441,0.0452293770347651,0.0311923872155368
2015-05-01,0.0332669854989831,0.0238561560576808,0.0349545563393363,0.0337926108348671,0.0410657635304829,0.018487573186988,0.0371380281516753,0.0390663401043678,0.0410628493855025,-0.0068372564547356,0.0688948947073697,0.038049687698118
2015-06-01,0.034191183988053,0.033534839887686,0.0248971350157294,0.0226088024587216,0.0332669854989831,0.0238561560576808,0.0349545563393363,0.0337926108348671,0.0410657635304829,0.018487573186988,0.0371380281516753,0.0390663401043678
2015-07-01,0.0316917623193386,0.04510714442657,-0.0075465471889799,0.022664159209647,0.034191183988053,0.033534839887686,0.0248971350157294,0.0226088024587216,0.0332669854989831,0.0238561560576808,0.0349545563393363,0.0337926108348671
2015-08-01,0.0294427230083176,0.0467215160385769,0.004998820216457,0.0233583217857749,0.0316917623193386,0.04510714442657,-0.0075465471889799,0.022664159209647,0.034191183988053,0.033534839887686,0.0248971350157294,0.0226088024587216
2015-09-01,0.0281272163014598,0.0483677131382549,0.0025813972050521,0.0240109146081923,0.0294427230083176,0.0467215160385769,0.004998820216457,0.0233583217857749,0.0316917623193386,0.04510714442657,-0.0075465471889799,0.022664159209647
2015-10-01,0.0305368236212082,0.0510811270121553,0.0112144560975711,0.0223181946038568,0.0281272163014598,0.0483677131382549,0.0025813972050521,0.0240109146081923,0.0294427230083176,0.0467215160385769,0.004998820216457,0.0233583217857749
2015-11-01,0.033114543252692,0.0549799784518949,0.0202292305657518,0.0141419282913233,0.0305368236212082,0.0510811270121553,0.0112144560975711,0.0223181946038568,0.0281272163014598,0.0483677131382549,0.0025813972050521,0.0240109146081923
2015-12-01,0.0353972148506276,0.0497490026786167,0.011370234209183,0.0133399220401955,0.033114543252692,0.0549799784518949,0.0202292305657518,0.0141419282913233,0.0305368236212082,0.0510811270121553,0.0112144560975711,0.0223181946038568
2016-01-01,-0.0141452920195899,-0.0244208180653577,-0.017113937372251,0.0120782180552527,0.0353972148506276,0.0497490026786167,0.011370234209183,0.0133399220401955,0.033114543252692,0.0549799784518949,0.0202292305657518,0.0141419282913233
2016-02-01,0.0048011066160444,0.015801303719602,-0.0989239159192862,0.0052991245251501,-0.0141452920195899,-0.0244208180653577,-0.017113937372251,0.0120782180552527,0.0353972148506276,0.0497490026786167,0.011370234209183,0.0133399220401955
2016-03-01,-0.0001365405186106,0.009800221585392,-0.0761712296625507,0.0014105024049229,0.0048011066160444,0.015801303719602,-0.0989239159192862,0.0052991245251501,-0.0141452920195899,-0.0244208180653577,-0.017113937372251,0.0120782180552527
2016-04-01,0.0025814354880662,0.0077732257373135,-0.0980816481342969,0.0013274084188683,-0.0001365405186106,0.009800221585392,-0.0761712296625507,0.0014105024049229,0.0048011066160444,0.015801303719602,-0.0989239159192862,0.0052991245251501
2016-05-01,0.0203305191088229,0.0022116707122368,-0.0842826611108602,0.0107690815418308,0.0025814354880662,0.0077732257373135,-0.0980816481342969,0.0013274084188683,-0.0001365405186106,0.009800221585392,-0.0761712296625507,0.0014105024049229
2016-06-01,0.0203910236804194,-0.0019796159590814,-0.0809768274989206,0.0269557414180603,0.0203305191088229,0.0022116707122368,-0.0842826611108602,0.0107690815418308,0.0025814354880662,0.0077732257373135,-0.0980816481342969,0.0013274084188683
2016-07-01,0.021788208148612,-0.015672578151312,-0.0014898561101208,0.0268930775854148,0.0203910236804194,-0.0019796159590814,-0.0809768274989206,0.0269557414180603,0.0203305191088229,0.0022116707122368,-0.0842826611108602,0.0107690815418308
2016-08-01,0.0228269236799683,-0.0089496112356393,0.008943229113699,0.0253906247565129,0.021788208148612,-0.015672578151312,-0.0014898561101208,0.0268930775854148,0.0203910236804194,-0.0019796159590814,-0.0809768274989206,0.0269557414180603
2016-09-01,0.0242678989912885,-0.0064216101476564,0.0377672245252984,0.0233059086882878,0.0228269236799683,-0.0089496112356393,0.008943229113699,0.0253906247565129,0.021788208148612,-0.015672578151312,-0.0014898561101208,0.0268930775854148
2016-10-01,0.0197887486673131,-0.0114179449272668,0.0366350742800758,0.0310570512173562,0.0242678989912885,-0.0064216101476564,0.0377672245252984,0.0233059086882878,0.0228269236799683,-0.0089496112356393,0.008943229113699,0.0253906247565129
2016-11-01,0.0176934082087463,-0.0154618012661629,0.034031505424144,0.0292532424864138,0.0197887486673131,-0.0114179449272668,0.0366350742800758,0.0310570512173562,0.0242678989912885,-0.0064216101476564,0.0377672245252984,0.0233059086882878
2016-12-01,0.0195403613328561,-0.0161416791085926,0.0569080201274765,0.029117032671051,0.0176934082087463,-0.0154618012661629,0.034031505424144,0.0292532424864138,0.0197887486673131,-0.0114179449272668,0.0366350742800758,0.0310570512173562
2017-01-01,0.0061264463411561,0.0847455808133075,0.0156045031233968,0.0288016298994158,0.0195403613328561,-0.0161416791085926,0.0569080201274765,0.029117032671051,0.0176934082087463,-0.0154618012661629,0.034031505424144,0.0292532424864138
2017-02-01,0.0055269493496155,0.0261721793960667,-0.148732738380005,0.0318848044699695,0.0061264463411561,0.0847455808133075,0.0156045031233968,0.0288016298994158,0.0195403613328561,-0.0161416791085926,0.0569080201274765,0.029117032671051
2017-03-01,0.0154019439927548,0.0510521958537974,-0.1090626571289696,0.0345683201800088,0.0055269493496155,0.0261721793960667,-0.148732738380005,0.0318848044699695,0.0061264463411561,0.0847455808133075,0.0156045031233968,0.0288016298994158
2017-04-01,0.0083102971336277,0.0082792680716483,-0.0493947169350725,0.0325136919277202,0.0154019439927548,0.0510521958537974,-0.1090626571289696,0.0345683201800088,0.0055269493496155,0.0261721793960667,-0.148732738380005,0.0318848044699695
2017-05-01,-0.0048019622003394,0.0156021474496395,-0.0355987216878173,0.032641805978157,0.0083102971336277,0.0082792680716483,-0.0493947169350725,0.0325136919277202,0.0154019439927548,0.0510521958537974,-0.1090626571289696,0.0345683201800088
2017-06-01,-0.0014879590193466,0.018097880183248,-0.0199811186575651,0.0330637262257234,-0.0048019622003394,0.0156021474496395,-0.0355987216878173,0.032641805978157,0.0083102971336277,0.0082792680716483,-0.0493947169350725,0.0325136919277202
2017-07-01,0.0057636034368719,0.0182609591346079,-0.0314036005381677,0.0382317848999935,-0.0014879590193466,0.018097880183248,-0.0199811186575651,0.0330637262257234,-0.0048019622003394,0.0156021474496395,-0.0355987216878173,0.032641805978157
2017-08-01,0.0086403023932017,0.0128476184451411,-0.0340692729125589,0.0383016632514454,0.0057636034368719,0.0182609591346079,-0.0314036005381677,0.0382317848999935,-0.0014879590193466,0.018097880183248,-0.0199811186575651,0.0330637262257234
2017-09-01,0.0060730478840334,0.0089357083723697,-0.0331302070874688,0.0363237886557765,0.0086403023932017,0.0128476184451411,-0.0340692729125589,0.0383016632514454,0.0057636034368719,0.0182609591346079,-0.0314036005381677,0.0382317848999935
2017-10-01,0.0106798532781269,0.0130614895520793,-0.0251246236717097,0.0419604993507025,0.0060730478840334,0.0089357083723697,-0.0331302070874688,0.0363237886557765,0.0086403023932017,0.0128476184451411,-0.0340692729125589,0.0383016632514454
2017-11-01,0.0113925790092803,0.0147031201676171,-0.0203320582730626,0.0450285222366186,0.0106798532781269,0.0130614895520793,-0.0251246236717097,0.0419604993507025,0.0060730478840334,0.0089357083723697,-0.0331302070874688,0.0363237886557765
2017-12-01,0.0129801227878108,0.0077352973577493,0.0106976727791252,0.0432181533497679,0.0113925790092803,0.0147031201676171,-0.0203320582730626,0.0450285222366186,0.0106798532781269,0.0130614895520793,-0.0251246236717097,0.0419604993507025
2018-01-01,0.0034642867044496,0.0311787182484497,0.0815521419223905,0.0431622552837982,0.0129801227878108,0.0077352973577493,0.0106976727791252,0.0432181533497679,0.0113925790092803,0.0147031201676171,-0.0203320582730626,0.0450285222366186
2018-02-01,0.0128458260248951,0.0405945112961614,0.1280181909862765,0.0412868259161491,0.0034642867044496,0.0311787182484497,0.0815521419223905,0.0431622552837982,0.0129801227878108,0.0077352973577493,0.0106976727791252,0.0432181533497679
2018-03-01,0.0161831656119275,-0.0003124186435208,0.0988458346366325,0.0392024079266235,0.0128458260248951,0.0405945112961614,0.1280181909862765,0.0412868259161491,0.0034642867044496,0.0311787182484497,0.0815521419223905,0.0431622552837982
2018-04-01,0.0200169878019025,0.0362752579502139,0.0704787961517521,0.0383939900910217,0.0161831656119275,-0.0003124186435208,0.0988458346366325,0.0392024079266235,0.0128458260248951,0.0405945112961614,0.1280181909862765,0.0412868259161491
2018-05-01,0.0202048586046341,0.0355676825263699,0.0625659482555676,0.0368299358208261,0.0200169878019025,0.0362752579502139,0.0704787961517521,0.0383939900910217,0.0161831656119275,-0.0003124186435208,0.0988458346366325,0.0392024079266235
2018-06-01,0.0197330311100234,0.0279034802909041,0.0463479944983067,0.0354769482918619,0.0202048586046341,0.0355676825263699,0.0625659482555676,0.0368299358208261,0.0200169878019025,0.0362752579502139,0.0704787961517521,0.0383939900910217
2018-07-01,0.021528199953039,0.0360323109850568,0.0279332814323751,0.0360995011510354,0.0197330311100234,0.0279034802909041,0.0463479944983067,0.0354769482918619,0.0202048586046341,0.0355676825263699,0.0625659482555676,0.0368299358208261
2018-08-01,0.0244253816672959,0.0362142155474511,0.050562567281597,0.0358243993729789,0.021528199953039,0.0360323109850568,0.0279332814323751,0.0360995011510354,0.0197330311100234,0.0279034802909041,0.0463479944983067,0.0354769482918619
2018-09-01,0.0289899120169003,0.0339254651090534,0.0501179617687714,0.0312771181895747,0.0244253816672959,0.0362142155474511,0.050562567281597,0.0358243993729789,0.021528199953039,0.0360323109850568,0.0279332814323751,0.0360995011510354
2018-10-01,0.0319885770424068,0.0382840006480744,0.0510782835593914,0.0294782823620565,0.0289899120169003,0.0339254651090534,0.0501179617687714,0.0312771181895747,0.0244253816672959,0.0362142155474511,0.050562567281597,0.0358243993729789
2018-11-01,0.0334411181122273,0.0379208641324595,0.0597690585027166,0.0288197503758489,0.0319885770424068,0.0382840006480744,0.0510782835593914,0.0294782823620565,0.0289899120169003,0.0339254651090534,0.0501179617687714,0.0312771181895747
2018-12-01,0.0333126583064551,0.0401053669953981,0.0323535179605691,0.0336945584358616,0.0334411181122273,0.0379208641324595,0.0597690585027166,0.0288197503758489,0.0319885770424068,0.0382840006480744,0.0510782835593914,0.0294782823620565
2019-01-01,0.0542492201278257,0.0457586264859752,-0.0452114726513732,0.0315188179038514,0.0333126583064551,0.0401053669953981,0.0323535179605691,0.0336945584358616,0.0334411181122273,0.0379208641324595,0.0597690585027166,0.0288197503758489
2019-02-01,0.0491547739929885,0.0329911009397072,0.1648276612102233,0.0327415261272197,0.0542492201278257,0.0457586264859752,-0.0452114726513732,0.0315188179038514,0.0333126583064551,0.0401053669953981,0.0323535179605691,0.0336945584358616
2019-03-01,0.0596201613569036,0.0649225219753759,0.1435261436829691,0.036000842966823,0.0491547739929885,0.0329911009397072,0.1648276612102233,0.0327415261272197,0.0542492201278257,0.0457586264859752,-0.0452114726513732,0.0315188179038514
2019-04-01,0.0629689162793507,0.0599824376342965,0.1138216978129609,0.0408492741488863,0.0596201613569036,0.0649225219753759,0.1435261436829691,0.036000842966823,0.0491547739929885,0.0329911009397072,0.1648276612102233,0.0327415261272197
2019-05-01,0.0680472216689764,0.0530789568291254,0.1006363350646015,0.0387735335913603,0.0629689162793507,0.0599824376342965,0.1138216978129609,0.0408492741488863,0.0596201613569036,0.0649225219753759,0.1435261436829691,0.036000842966823
2019-06-01,0.0675451863624214,0.0428515432285951,0.1027128963118695,0.0363726773869235,0.0680472216689764,0.0530789568291254,0.1006363350646015,0.0387735335913603,0.0629689162793507,0.0599824376342965,0.1138216978129609,0.0408492741488863
2019-07-01,0.060903998334588,0.0447427292001556,0.1003579245285912,0.0360582660134252,0.0675451863624214,0.0428515432285951,0.1027128963118695,0.0363726773869235,0.0680472216689764,0.0530789568291254,0.1006363350646015,0.0387735335913603
2019-08-01,0.0595706327795255,0.0396550511065925,0.0916207221854001,0.0356732749161725,0.060903998334588,0.0447427292001556,0.1003579245285912,0.0360582660134252,0.0675451863624214,0.0428515432285951,0.1027128963118695,0.0363726773869235
2019-09-01,0.0567321171624204,0.0416649123967669,0.0760311817581165,0.0319472996737122,0.0595706327795255,0.0396550511065925,0.0916207221854001,0.0356732749161725,0.060903998334588,0.0447427292001556,0.1003579245285912,0.0360582660134252
2019-10-01,0.054340163445449,0.0441337229857001,0.0703620072114734,0.0328680309336881,0.0567321171624204,0.0416649123967669,0.0760311817581165,0.0319472996737122,0.0595706327795255,0.0396550511065925,0.0916207221854001,0.0356732749161725
2019-11-01,0.0534545061668083,0.0388087836252459,0.062551959389772,0.0327219019812829,0.054340163445449,0.0441337229857001,0.0703620072114734,0.0328680309336881,0.0567321171624204,0.0416649123967669,0.0760311817581165,0.0319472996737122
2019-12-01,0.052815579749911,0.0458973928104722,0.055226266467315,0.0292822695140539,0.0534545061668083,0.0388087836252459,0.062551959389772,0.0327219019812829,0.054340163445449,0.0441337229857001,0.0703620072114734,0.0328680309336881
2020-01-01,0.0430835861363121,-0.0315958281774637,0.3778975243082288,0.0284851931381329,0.052815579749911,0.0458973928104722,0.055226266467315,0.0292822695140539,0.0534545061668083,0.0388087836252459,0.062551959389772,0.0327219019812829
2020-02-01,0.04733946630013,-0.0370555117247786,0.0077593723915683,0.0260048597002668,0.0430835861363121,-0.0315958281774637,0.3778975243082288,0.0284851931381329,0.052815579749911,0.0458973928104722,0.055226266467315,0.0292822695140539
2020-03-01,0.0428607989069558,0.018088223493434,-0.0557672893943035,0.0215479017356532,0.04733946630013,-0.0370555117247786,0.0077593723915683,0.0260048597002668,0.0430835861363121,-0.0315958281774637,0.3778975243082288,0.0284851931381329
2020-04-01,0.0435911697861595,0.0243684550613032,0.0021642102319852,0.0178245720063774,0.0428607989069558,0.018088223493434,-0.0557672893943035,0.0215479017356532,0.04733946630013,-0.0370555117247786,0.0077593723915683,0.0260048597002668
2020-05-01,0.0375925993109049,0.0265742632057204,0.0315038358661379,0.0116607721972368,0.0435911697861595,0.0243684550613032,0.0021642102319852,0.0178245720063774,0.0428607989069558,0.018088223493434,-0.0557672893943035,0.0215479017356532
2020-06-01,0.0396196643840891,0.0420776374871749,0.0051838004865505,0.0079697791361716,0.0375925993109049,0.0265742632057204,0.0315038358661379,0.0116607721972368,0.0435911697861595,0.0243684550613032,0.0021642102319852,0.0178245720063774
2020-07-01,0.0397623307045069,0.0435474133540001,-0.0045078364955486,0.0139843703577486,0.0396196643840891,0.0420776374871749,0.0051838004865505,0.0079697791361716,0.0375925993109049,0.0265742632057204,0.0315038358661379,0.0116607721972368
2020-08-01,0.0402510614846374,0.047105506238962,-0.0189053638891909,0.0174026650832477,0.0397623307045069,0.0435474133540001,-0.0045078364955486,0.0139843703577486,0.0396196643840891,0.0420776374871749,0.0051838004865505,0.0079697791361716
2020-09-01,0.044520320477412,0.0507410416147458,-0.0059755086813702,0.0389814428233528,0.0402510614846374,0.047105506238962,-0.0189053638891909,0.0174026650832477,0.0397623307045069,0.0435474133540001,-0.0045078364955486,0.0139843703577486
2020-10-01,0.0434147007199126,0.0488127562746232,-0.0024653855333518,0.0524306112591919,0.044520320477412,0.0507410416147458,-0.0059755086813702,0.0389814428233528,0.0402510614846374,0.047105506238962,-0.0189053638891909,0.0174026650832477
2020-11-01,0.0471835143842884,0.0604258148168188,0.0116618650217397,0.0603382566031065,0.0434147007199126,0.0488127562746232,-0.0024653855333518,0.0524306112591919,0.044520320477412,0.0507410416147458,-0.0059755086813702,0.0389814428233528
2020-12-01,0.0495415537660193,0.0661735857176708,0.039554803616804,0.0612582957872529,0.0471835143842884,0.0604258148168188,0.0116618650217397,0.0603382566031065,0.0434147007199126,0.0488127562746232,-0.0024653855333518,0.0524306112591919
2021-01-01,0.0931629327084308,0.0573282421439422,-0.1704630239218545,0.0627637007438721,0.0495415537660193,0.0661735857176708,0.039554803616804,0.0612582957872529,0.0471835143842884,0.0604258148168188,0.0116618650217397,0.0603382566031065
2021-02-01,0.0766492253489445,0.120008349509332,0.1262507716584053,0.0695773918575763,0.0931629327084308,0.0573282421439422,-0.1704630239218545,0.0627637007438721,0.0495415537660193,0.0661735857176708,0.039554803616804,0.0612582957872529
2021-03-01,0.0639487246002747,0.0756678854433143,0.1268538965470682,0.0683575246021295,0.0766492253489445,0.120008349509332,0.1262507716584053,0.0695773918575763,0.0931629327084308,0.0573282421439422,-0.1704630239218545,0.0627637007438721
2021-04-01,0.0672840373501344,0.082151361917214,0.0767007821769976,0.0675175626432125,0.0639487246002747,0.0756678854433143,0.1268538965470682,0.0683575246021295,0.0766492253489445,0.120008349509332,0.1262507716584053,0.0695773918575763
2021-05-01,0.0730692170074043,0.0720249650231323,0.0557066285628895,0.0762664438343492,0.0672840373501344,0.082151361917214,0.0767007821769976,0.0675175626432125,0.0639487246002747,0.0756678854433143,0.1268538965470682,0.0683575246021295
2021-06-01,0.0663818272235783,0.0746213045477119,0.074782580881088,0.0777461599435831,0.0730692170074043,0.0720249650231323,0.0557066285628895,0.0762664438343492,0.0672840373501344,0.082151361917214,0.0767007821769976,0.0675175626432125
2021-07-01,0.06431462762853,0.0725190274367637,0.1119240311417684,0.0672004487400421,0.0663818272235783,0.0746213045477119,0.074782580881088,0.0777461599435831,0.0730692170074043,0.0720249650231323,0.0557066285628895,0.0762664438343492
2021-08-01,0.0629161585094273,0.076649087674399,0.1217810121604241,0.0623660344555414,0.06431462762853,0.0725190274367637,0.1119240311417684,0.0672004487400421,0.0663818272235783,0.0746213045477119,0.074782580881088,0.0777461599435831
2021-09-01,0.0599203460318733,0.07386632506795,0.1143834979010147,0.0436507731808983,0.0629161585094273,0.076649087674399,0.1217810121604241,0.0623660344555414,0.06431462762853,0.0725190274367637,0.1119240311417684,0.0672004487400421
2021-10-01,0.0563180912260712,0.0679813748095661,0.1122568875844081,0.0273889013510668,0.0599203460318733,0.07386632506795,0.1143834979010147,0.0436507731808983,0.0629161585094273,0.076649087674399,0.1217810121604241,0.0623660344555414
2021-11-01,0.0547749155497037,0.0645019363439569,0.1147546378810737,0.0189319240710617,0.0563180912260712,0.0679813748095661,0.1122568875844081,0.0273889013510668,0.0599203460318733,0.07386632506795,0.1143834979010147,0.0436507731808983
2021-12-01,0.049399648163348,0.0671043964227493,0.1093436359796591,0.0211237883752151,0.0547749155497037,0.0645019363439569,0.1147546378810737,0.0189319240710617,0.0563180912260712,0.0679813748095661,0.1122568875844081,0.0273889013510668
2022-01-01,0.0217153975205324,0.1262154351809812,0.0552658608801586,0.0238904995365043,0.049399648163348,0.0671043964227493,0.1093436359796591,0.0211237883752151,0.0547749155497037,0.0645019363439569,0.1147546378810737,0.0189319240710617
2022-02-01,0.0341557566509944,0.0912858257985966,-0.0733179199004805,0.0232853433200261,0.0217153975205324,0.1262154351809812,0.0552658608801586,0.0238904995365043,0.049399648163348,0.0671043964227493,0.1093436359796591,0.0211237883752151
2022-03-01,0.0381703359052121,0.0970699335700935,0.0131859504292002,0.0246247351676629,0.0341557566509944,0.0912858257985966,-0.0733179199004805,0.0232853433200261,0.0217153975205324,0.1262154351809812,0.0552658608801586,0.0238904995365043
2022-04-01,0.0312384736704025,0.068235809204431,0.0537180834066806,0.0249440553293123,0.0381703359052121,0.0970699335700935,0.0131859504292002,0.0246247351676629,0.0341557566509944,0.0912858257985966,-0.0733179199004805,0.0232853433200261
2022-05-01,0.0295346215833518,0.0802915922841638,0.0648662924388769,0.0198470334570206,0.0312384736704025,0.068235809204431,0.0537180834066806,0.0249440553293123,0.0381703359052121,0.0970699335700935,0.0131859504292002,0.0246247351676629
2022-06-01,0.0284104366823036,0.0777424009032454,0.0993978183291677,0.0239626910460817,0.0295346215833518,0.0802915922841638,0.0648662924388769,0.0198470334570206,0.0312384736704025,0.068235809204431,0.0537180834066806,0.0249440553293123
2022-07-01,0.0281567405931006,0.0734798782383592,0.05413307207683,0.0240973346094968,0.0284104366823036,0.0777424009032454,0.0993978183291677,0.0239626910460817,0.0295346215833518,0.0802915922841638,0.0648662924388769,0.0198470334570206
2022-08-01,0.0293856171492326,0.0745843968443775,0.0649552994473161,0.0207264771026025,0.0281567405931006,0.0734798782383592,0.05413307207683,0.0240973346094968,0.0284104366823036,0.0777424009032454,0.0993978183291677,0.0239626910460817
2022-09-01,0.0300170353478819,0.0842057693283262,0.078638803357327,0.0218737425668731,0.0293856171492326,0.0745843968443775,0.0649552994473161,0.0207264771026025,0.0281567405931006,0.0734798782383592,0.05413307207683,0.0240973346094968
2022-10-01,0.0325554428980812,0.0859796768698508,0.0779743688073324,0.0232846498153431,0.0300170353478819,0.0842057693283262,0.078638803357327,0.0218737425668731,0.0293856171492326,0.0745843968443775,0.0649552994473161,0.0207264771026025
2022-11-01,0.0387424306677779,0.0883208355795765,0.0800007640038788,0.027733999347479,0.0325554428980812,0.0859796768698508,0.0779743688073324,0.0232846498153431,0.0300170353478819,0.0842057693283262,0.078638803357327,0.0218737425668731
2022-12-01,0.0419206853219691,0.0854736996358198,0.0801892740571528,0.0238917943485095,0.0387424306677779,0.0883208355795765,0.0800007640038788,0.027733999347479,0.0325554428980812,0.0859796768698508,0.0779743688073324,0.0232846498153431
2023-01-01,0.0510359330115957,0.0983128382561755,-0.1337314366348732,0.0203169474014011,0.0419206853219691,0.0854736996358198,0.0801892740571528,0.0238917943485095,0.0387424306677779,0.0883208355795765,0.0800007640038788,0.027733999347479
2023-02-01,0.0580164797878133,0.0853932793286524,-0.0908973851528589,0.0172858315301187,0.0510359330115957,0.0983128382561755,-0.1337314366348732,0.0203169474014011,0.0419206853219691,0.0854736996358198,0.0801892740571528,0.0238917943485095
2023-03-01,0.0564573091219191,0.0857403057898391,0.0567878572067162,0.0260118642165547,0.0580164797878133,0.0853932793286524,-0.0908973851528589,0.0172858315301187,0.0510359330115957,0.0983128382561755,-0.1337314366348732,0.0203169474014011
2023-04-01,0.0635828280992516,0.0901298399821399,0.05844566741073,0.0288021634463131,0.0564573091219191,0.0857403057898391,0.0567878572067162,0.0260118642165547,0.0580164797878133,0.0853932793286524,-0.0908973851528589,0.0172858315301187
2023-05-01,0.0628237886794362,0.0902371862385127,0.0561423975705661,0.0335535887089672,0.0635828280992516,0.0901298399821399,0.05844566741073,0.0288021634463131,0.0564573091219191,0.0857403057898391,0.0567878572067162,0.0260118642165547
2023-06-01,0.0648693974112468,0.0982143746136561,0.0472413416139847,0.0315874937576747,0.0628237886794362,0.0902371862385127,0.0561423975705661,0.0335535887089672,0.0635828280992516,0.0901298399821399,0.05844566741073,0.0288021634463131
2023-07-01,0.0646454225043751,0.0946996119257743,0.0744078744458693,0.0323467430239876,0.0648693974112468,0.0982143746136561,0.0472413416139847,0.0315874937576747,0.0628237886794362,0.0902371862385127,0.0561423975705661,0.0335535887089672
2023-08-01,0.0646405357709198,0.0909007874900762,0.0621116993887564,0.0276499439097168,0.0646454225043751,0.0946996119257743,0.0744078744458693,0.0323467430239876,0.0648693974112468,0.0982143746136561,0.0472413416139847,0.0315874937576747
2023-09-01,0.0647795902071095,0.0807546088012394,0.0542313164180168,0.0297688451637423,0.0646405357709198,0.0909007874900762,0.0621116993887564,0.0276499439097168,0.0646454225043751,0.0946996119257743,0.0744078744458693,0.0323467430239876
2023-10-01,0.0648243837298831,0.077713962101555,0.0574984920612173,0.0365738869308707,0.0647795902071095,0.0807546088012394,0.0542313164180168,0.0297688451637423,0.0646405357709198,0.0909007874900762,0.0621116993887564,0.0276499439097168
2023-11-01,0.0581910621810575,0.0722480178586906,0.0482287485882917,0.033388929752105,0.0648243837298831,0.077713962101555,0.0574984920612173,0.0365738869308707,0.0647795902071095,0.0807546088012394,0.0542313164180168,0.0297688451637423
2023-12-01,0.0565459433863519,0.0733847410249222,0.0493847554567103,0.0344403696280473,0.0581910621810575,0.0722480178586906,0.0482287485882917,0.033388929752105,0.0648243837298831,0.077713962101555,0.0574984920612173,0.0365738869308707
2024-01-01,0.052600116075526,0.0588866244204417,0.0496434065420174,0.0382340269037531,0.0565459433863519,0.0733847410249222,0.0493847554567103,0.0344403696280473,0.0581910621810575,0.0722480178586906,0.0482287485882917,0.033388929752105
2024-02-01,0.045031782361514,0.0591099113607924,0.0842656613241068,0.0352496111732811,0.052600116075526,0.0588866244204417,0.0496434065420174,0.0382340269037531,0.0565459433863519,0.0733847410249222,0.0493847554567103,0.0344403696280473
2024-03-01,0.055305412383241,0.0773913885866566,-0.0843147461420308,0.027676177175314,0.045031782361514,0.0591099113607924,0.0842656613241068,0.0352496111732811,0.052600116075526,0.0588866244204417,0.0496434065420174,0.0382340269037531
2024-04-01,0.0516750932950529,0.0617638607691475,-0.060523251038747,0.0276641597895626,0.055305412383241,0.0773913885866566,-0.0843147461420308,0.027676177175314,0.045031782361514,0.0591099113607924,0.0842656613241068,0.0352496111732811
2024-05-01,0.047429405420365,0.0582959149870951,-0.0465479476055055,0.0326784802800581,0.0516750932950529,0.0617638607691475,-0.060523251038747,0.0276641597895626,0.055305412383241,0.0773913885866566,-0.0843147461420308,0.027676177175314
2024-06-01,0.0458305664774378,0.0502431912016643,-0.0419636609903069,0.0366768669401391,0.047429405420365,0.0582959149870951,-0.0465479476055055,0.0326784802800581,0.0516750932950529,0.0617638607691475,-0.060523251038747,0.0276641597895626
2024-07-01,0.0556679792715328,0.0527640043290489,0.0913011254383935,0.0363894611971122,0.0458305664774378,0.0502431912016643,-0.0419636609903069,0.0366768669401391,0.047429405420365,0.0582959149870951,-0.0465479476055055,0.0326784802800581
2024-08-01,0.0582382739716749,0.0561702714670548,0.0863934877959717,0.040896678739573,0.0556679792715328,0.0527640043290489,0.0913011254383935,0.0363894611971122,0.0458305664774378,0.0502431912016643,-0.0419636609903069,0.0366768669401391
2024-09-01,0.0601605356119119,0.051625618098793,0.0769786542692223,0.0402504714814426,0.0582382739716749,0.0561702714670548,0.0863934877959717,0.040896678739573,0.0556679792715328,0.0527640043290489,0.0913011254383935,0.0363894611971122
2024-10-01,0.0597703313898527,0.0558446665641199,0.0773816583545325,0.0343076663923369,0.0601605356119119,0.051625618098793,0.0769786542692223,0.0402504714814426,0.0582382739716749,0.0561702714670548,0.0863934877959717,0.040896678739573
2024-11-01,0.0435376661314066,0.0616702720391781,0.0634780507662267,0.0326305600362051,0.0597703313898527,0.0558446665641199,0.0773816583545325,0.0343076663923369,0.0601605356119119,0.051625618098793,0.0769786542692223,0.0402504714814426
2024-12-01,0.0274927815576884,0.0639334049548594,0.0625089536758878,0.0300756096873282,0.0435376661314066,0.0616702720391781,0.0634780507662267,0.0326305600362051,0.0597703313898527,0.0558446665641199,0.0773816583545325,0.0343076663923369
2025-01-01,0.3265103046619532,0.067255438465148,0.0627646133328507,0.0274288134631337,0.0274927815576884,0.0639334049548594,0.0625089536758878,0.0300756096873282,0.0435376661314066,0.0616702720391781,0.0634780507662267,0.0326305600362051
2025-02-01,0.1394854280660968,0.0684773099514064,0.0567889423045517,0.028376705028549,0.3265103046619532,0.067255438465148,0.0627646133328507,0.0274288134631337,0.0274927815576884,0.0639334049548594,0.0625089536758878,0.0300756096873282
2025-03-01,0.0735675127114383,0.0680293346371829,0.0910501698899341,0.0309990294806095,0.1394854280660968,0.0684773099514064,0.0567889423045517,0.028376705028549,0.3265103046619532,0.067255438465148,0.0627646133328507,0.0274288134631337
2025-04-01,0.044142774785854,0.0680999249594069,0.0824090771703929,0.0307619965180823,0.0735675127114383,0.0680293346371829,0.0910501698899341,0.0309990294806095,0.1394854280660968,0.0684773099514064,0.0567889423045517,0.028376705028549
2025-05-01,0.0287357553607012,0.0690062834592097,0.0775728167396518,0.0284159818726834,0.044142774785854,0.0680999249594069,0.0824090771703929,0.0307619965180823,0.0735675127114383,0.0680293346371829,0.0910501698899341,0.0309990294806095
2025-06-01,0.0195021904199528,0.0698861912748629,0.0770011956555407,0.027229223601223,0.0287357553607012,0.0690062834592097,0.0775728167396518,0.0284159818726834,0.044142774785854,0.0680999249594069,0.0824090771703929,0.0307619965180823
2025-07-01,0.0120579468321171,0.0670488788509953,0.0488815105275861,0.0281430876641284,0.0195021904199528,0.0698861912748629,0.0770011956555407,0.027229223601223,0.0287357553607012,0.0690062834592097,0.0775728167396518,0.0284159818726834
2025-08-01,0.0057988368696513,0.0637899273996023,0.0496024599779794,0.0274915889002169,0.0120579468321171,0.0670488788509953,0.0488815105275861,0.0281430876641284,0.0195021904199528,0.0698861912748629,0.0770011956555407,0.027229223601223
2025-09-01,0.0002861545081724,0.0616990009640243,0.051345935480084,0.0284918179809263,0.0057988368696513,0.0637899273996023,0.0496024599779794,0.0274915889002169,0.0120579468321171,0.0670488788509953,0.0488815105275861,0.0281430876641284
2025-10-01,-0.0032360306774936,0.0612883589516624,0.0509791108859349,0.0306012606308083,0.0002861545081724,0.0616990009640243,0.051345935480084,0.0284918179809263,0.0057988368696513,0.0637899273996023,0.0496024599779794,0.0274915889002169
2025-11-01,-0.002917797197254,0.0599474069794236,0.0528092681515683,0.0307698884284342,-0.0032360306774936,0.0612883589516624,0.0509791108859349,0.0306012606308083,0.0002861545081724,0.0616990009640243,0.051345935480084,0.0284918179809263
2025-12-01,-6.257502448292485e-05,0.0578689695777523,0.0511314865179812,0.0313065616995675,-0.002917797197254,0.0599474069794236,0.0528092681515683,0.0307698884284342,-0.0032360306774936,0.0612883589516624,0.0509791108859349,0.0306012606308083
2026-01-01,,,,,-6.257502448292485e-05,0.0578689695777523,0.0511314865179812,0.0313065616995675,-0.002917797197254,0.0599474069794236,0.0528092681515683,0.0307698884284342
2026-02-01,,,,,,,,,-6.257502448292485e-05,0.0578689695777523,0.0511314865179812,0.0313065616995675
2026-03-01,,,,,,,,,,,,
2026-04-01,,,,,,,,,,,,
2026-05-01,,,,,,,,,,,,
2026-06-01,,,,,,,,,,,,
2026-07-01,,,,,,,,,,,,
2026-08-01,,,,,,,,,,,,
2026-09-01,,,,,,,,,,,,
2026-10-01,,,,,,,,,,,,
2026-11-01,,,,,,,,,,,,
2026-12-01,,,,,,,,,,,,
