@date,"@dlog(impu1,0,12)","@dlog(impu2,0,12)","@dlog(impu3,0,12)","@dlog(impu1(-1),0,12)","@dlog(impu2(-1),0,12)","@dlog(impu3(-1),0,12)","@dlog(impu1(-2),0,12)","@dlog(impu2(-2),0,12)","@dlog(impu3(-2),0,12)"
1995-01-01,,,,,,,,,
1995-02-01,,,,,,,,,
1995-03-01,,,,,,,,,
1995-04-01,,,,,,,,,
1995-05-01,,,,,,,,,
1995-06-01,,,,,,,,,
1995-07-01,,,,,,,,,
1995-08-01,,,,,,,,,
1995-09-01,,,,,,,,,
1995-10-01,,,,,,,,,
1995-11-01,,,,,,,,,
1995-12-01,,,,,,,,,
1996-01-01,-0.0589729277367627,-0.0589729277367627,-0.0502393054990459,,,,,,
1996-02-01,0.0353116977846568,0.0353116977846559,0.0324744516242923,-0.0589729277367627,-0.0589729277367627,-0.0502393054990459,,,
1996-03-01,0.0736442927428555,0.0736442927428555,0.0029776696939247,0.0353116977846568,0.0353116977846559,0.0324744516242923,-0.0589729277367627,-0.0589729277367627,-0.0502393054990459
1996-04-01,0.0788860615288715,0.0788860615288706,0.0203098896123954,0.0736442927428555,0.0736442927428555,0.0029776696939247,0.0353116977846568,0.0353116977846559,0.0324744516242923
1996-05-01,0.0945433353315969,0.0945433353315969,0.0064077380506626,0.0788860615288715,0.0788860615288706,0.0203098896123954,0.0736442927428555,0.0736442927428555,0.0029776696939247
1996-06-01,0.0804705135470591,0.0804705135470591,0.0041581645211206,0.0945433353315969,0.0945433353315969,0.0064077380506626,0.0788860615288715,0.0788860615288706,0.0203098896123954
1996-07-01,0.0656040435186238,0.0656040435186246,0.0215960258940164,0.0804705135470591,0.0804705135470591,0.0041581645211206,0.0945433353315969,0.0945433353315969,0.0064077380506626
1996-08-01,0.0590956764824337,0.0590956764824328,0.0232364992494948,0.0656040435186238,0.0656040435186246,0.0215960258940164,0.0804705135470591,0.0804705135470591,0.0041581645211206
1996-09-01,0.0702814589929054,0.0702814589929063,0.0087117415750075,0.0590956764824337,0.0590956764824328,0.0232364992494948,0.0656040435186238,0.0656040435186246,0.0215960258940164
1996-10-01,0.0648930966242637,0.0648930966242646,0.0254360906474904,0.0702814589929054,0.0702814589929063,0.0087117415750075,0.0590956764824337,0.0590956764824328,0.0232364992494948
1996-11-01,0.0672777547496163,0.0672777547496172,0.0545681800830504,0.0648930966242637,0.0648930966242646,0.0254360906474904,0.0702814589929054,0.0702814589929063,0.0087117415750075
1996-12-01,0.0611713407514749,0.0611713407514749,0.0567594465274723,0.0672777547496163,0.0672777547496172,0.0545681800830504,0.0648930966242637,0.0648930966242646,0.0254360906474904
1997-01-01,-0.2627058695265684,-0.2627058695265676,0.1562391235571736,0.0611713407514749,0.0611713407514749,0.0567594465274723,0.0672777547496163,0.0672777547496172,0.0545681800830504
1997-02-01,0.0733097208836106,0.0733097208836097,0.2220423614392102,-0.2627058695265684,-0.2627058695265676,0.1562391235571736,0.0611713407514749,0.0611713407514749,0.0567594465274723
1997-03-01,0.0827431163395164,0.0827431163395164,0.1721371074403936,0.0733097208836106,0.0733097208836097,0.2220423614392102,-0.2627058695265684,-0.2627058695265676,0.1562391235571736
1997-04-01,0.0652453186243313,0.0652453186243322,0.1182862861392708,0.0827431163395164,0.0827431163395164,0.1721371074403936,0.0733097208836106,0.0733097208836097,0.2220423614392102
1997-05-01,0.0736781191509408,0.073678119150939,0.1001030126970832,0.0652453186243313,0.0652453186243322,0.1182862861392708,0.0827431163395164,0.0827431163395164,0.1721371074403936
1997-06-01,0.0652036465116143,0.0652036465116152,0.0858618768306955,0.0736781191509408,0.073678119150939,0.1001030126970832,0.0652453186243313,0.0652453186243322,0.1182862861392708
1997-07-01,0.0682883592774565,0.0682883592774565,0.071608688218915,0.0652036465116143,0.0652036465116152,0.0858618768306955,0.0736781191509408,0.073678119150939,0.1001030126970832
1997-08-01,0.0713603629579306,0.0713603629579315,0.0813569752672531,0.0682883592774565,0.0682883592774565,0.071608688218915,0.0652036465116143,0.0652036465116152,0.0858618768306955
1997-09-01,0.071502265181067,0.071502265181067,0.0805023662382113,0.0713603629579306,0.0713603629579315,0.0813569752672531,0.0682883592774565,0.0682883592774565,0.071608688218915
1997-10-01,0.0781766103877181,0.0781766103877172,0.0636094958976007,0.071502265181067,0.071502265181067,0.0805023662382113,0.0713603629579306,0.0713603629579315,0.0813569752672531
1997-11-01,0.075311767910696,0.0753117679106942,0.0491055042639265,0.0781766103877181,0.0781766103877172,0.0636094958976007,0.071502265181067,0.071502265181067,0.0805023662382113
1997-12-01,0.0724395504916586,0.0724395504916586,0.0370669048807226,0.075311767910696,0.0753117679106942,0.0491055042639265,0.0781766103877181,0.0781766103877172,0.0636094958976007
1998-01-01,0.0950361459522195,0.0950361459522182,0.057098640289726,0.0724395504916586,0.0724395504916586,0.0370669048807226,0.075311767910696,0.0753117679106942,0.0491055042639265
1998-02-01,0.1208822666926128,0.1208822666926137,0.1227622356067277,0.0950361459522195,0.0950361459522182,0.057098640289726,0.0724395504916586,0.0724395504916586,0.0370669048807226
1998-03-01,0.1050652988061564,0.1050652988061564,-0.057076362117411,0.1208822666926128,0.1208822666926137,0.1227622356067277,0.0950361459522195,0.0950361459522182,0.057098640289726
1998-04-01,0.1159110110175412,0.115911011017542,-0.0389356002113867,0.1050652988061564,0.1050652988061564,-0.057076362117411,0.1208822666926128,0.1208822666926137,0.1227622356067277
1998-05-01,0.1050559737098257,0.1050559737098266,-0.0165601955422776,0.1159110110175412,0.115911011017542,-0.0389356002113867,0.1050652988061564,0.1050652988061564,-0.057076362117411
1998-06-01,0.1119997039016293,0.1119997039016285,-0.016984112063362,0.1050559737098257,0.1050559737098266,-0.0165601955422776,0.1159110110175412,0.115911011017542,-0.0389356002113867
1998-07-01,0.1093262791672149,0.1093262791672149,-0.0091068341795725,0.1119997039016293,0.1119997039016285,-0.016984112063362,0.1050559737098257,0.1050559737098266,-0.0165601955422776
1998-08-01,0.1102149822529856,0.1102149822529856,-0.019453204236373,0.1093262791672149,0.1093262791672149,-0.0091068341795725,0.1119997039016293,0.1119997039016285,-0.016984112063362
1998-09-01,0.1158183377328754,0.1158183377328745,-0.0074042989926148,0.1102149822529856,0.1102149822529856,-0.019453204236373,0.1093262791672149,0.1093262791672149,-0.0091068341795725
1998-10-01,0.1162829404855134,0.1162829404855125,-0.0044795041154621,0.1158183377328754,0.1158183377328745,-0.0074042989926148,0.1102149822529856,0.1102149822529856,-0.019453204236373
1998-11-01,0.1228868430333385,0.1228868430333403,-0.0085659003571105,0.1162829404855134,0.1162829404855125,-0.0044795041154621,0.1158183377328754,0.1158183377328745,-0.0074042989926148
1998-12-01,0.1152525064630243,0.1152525064630243,-0.011327525187653,0.1228868430333385,0.1228868430333403,-0.0085659003571105,0.1162829404855134,0.1162829404855125,-0.0044795041154621
1999-01-01,0.3381708601154667,0.3381708601154676,0.0561221544477685,0.1152525064630243,0.1152525064630243,-0.011327525187653,0.1228868430333385,0.1228868430333403,-0.0085659003571105
1999-02-01,0.1525250014366808,0.1525250014366808,-0.1196628520452449,0.3381708601154667,0.3381708601154676,0.0561221544477685,0.1152525064630243,0.1152525064630243,-0.011327525187653
1999-03-01,0.1369432541520971,0.136943254152098,0.1001537832467613,0.1525250014366808,0.1525250014366808,-0.1196628520452449,0.3381708601154667,0.3381708601154676,0.0561221544477685
1999-04-01,0.1412238972079826,0.1412238972079817,0.0975675341767035,0.1369432541520971,0.136943254152098,0.1001537832467613,0.1525250014366808,0.1525250014366808,-0.1196628520452449
1999-05-01,0.1262607426068278,0.1262607426068287,0.0742320166920284,0.1412238972079826,0.1412238972079817,0.0975675341767035,0.1369432541520971,0.136943254152098,0.1001537832467613
1999-06-01,0.1222680916511453,0.1222680916511453,0.0782555436755929,0.1262607426068278,0.1262607426068287,0.0742320166920284,0.1412238972079826,0.1412238972079817,0.0975675341767035
1999-07-01,0.1266350692709874,0.1266350692709874,0.0665606231412594,0.1222680916511453,0.1222680916511453,0.0782555436755929,0.1262607426068278,0.1262607426068287,0.0742320166920284
1999-08-01,0.1232659240839435,0.1232659240839435,0.0765516377584765,0.1266350692709874,0.1266350692709874,0.0665606231412594,0.1222680916511453,0.1222680916511453,0.0782555436755929
1999-09-01,0.1129949625139215,0.1129949625139232,0.0758249010252693,0.1232659240839435,0.1232659240839435,0.0765516377584765,0.1266350692709874,0.1266350692709874,0.0665606231412594
1999-10-01,0.120609224643525,0.1206092246435268,0.0762756152839365,0.1129949625139215,0.1129949625139232,0.0758249010252693,0.1232659240839435,0.1232659240839435,0.0765516377584765
1999-11-01,0.1157744842939187,0.1157744842939187,0.0830863811535813,0.120609224643525,0.1206092246435268,0.0762756152839365,0.1129949625139215,0.1129949625139232,0.0758249010252693
1999-12-01,0.1255041935130325,0.1255041935130325,0.0872988493412893,0.1157744842939187,0.1157744842939187,0.0830863811535813,0.120609224643525,0.1206092246435268,0.0762756152839365
2000-01-01,0.1068662730220833,0.1068662730220833,-0.0087959148627128,0.1255041935130325,0.1255041935130325,0.0872988493412893,0.1157744842939187,0.1157744842939187,0.0830863811535813
2000-02-01,0.1405257170290372,0.1405257170290381,0.1268904156769474,0.1068662730220833,0.1068662730220833,-0.0087959148627128,0.1255041935130325,0.1255041935130325,0.0872988493412893
2000-03-01,0.1477680726332622,0.1477680726332613,0.0947055067706408,0.1405257170290372,0.1405257170290381,0.1268904156769474,0.1068662730220833,0.1068662730220833,-0.0087959148627128
2000-04-01,0.1276487000573762,0.1276487000573771,0.1146317090773072,0.1477680726332622,0.1477680726332613,0.0947055067706408,0.1405257170290372,0.1405257170290381,0.1268904156769474
2000-05-01,0.1185709681841036,0.1185709681841036,0.11989139275087,0.1276487000573762,0.1276487000573771,0.1146317090773072,0.1477680726332622,0.1477680726332613,0.0947055067706408
2000-06-01,0.1249613711992623,0.1249613711992623,0.1362324709847415,0.1185709681841036,0.1185709681841036,0.11989139275087,0.1276487000573762,0.1276487000573771,0.1146317090773072
2000-07-01,0.1167384912748765,0.1167384912748765,0.1358629410816396,0.1249613711992623,0.1249613711992623,0.1362324709847415,0.1185709681841036,0.1185709681841036,0.11989139275087
2000-08-01,0.0943512516569295,0.0943512516569278,0.1232142617942067,0.1167384912748765,0.1167384912748765,0.1358629410816396,0.1249613711992623,0.1249613711992623,0.1362324709847415
2000-09-01,0.0895354390279514,0.0895354390279514,0.1204267380776062,0.0943512516569295,0.0943512516569278,0.1232142617942067,0.1167384912748765,0.1167384912748765,0.1358629410816396
2000-10-01,0.0821287596453252,0.0821287596453235,0.1273998321796039,0.0895354390279514,0.0895354390279514,0.1204267380776062,0.0943512516569295,0.0943512516569278,0.1232142617942067
2000-11-01,0.0769722237538665,0.0769722237538665,0.1222170548444445,0.0821287596453252,0.0821287596453235,0.1273998321796039,0.0895354390279514,0.0895354390279514,0.1204267380776062
2000-12-01,0.0704566438761187,0.0704566438761187,0.1142353122267625,0.0769722237538665,0.0769722237538665,0.1222170548444445,0.0821287596453252,0.0821287596453235,0.1273998321796039
2001-01-01,-0.0288353038041293,-0.0288353038041302,0.1902980595543715,0.0704566438761187,0.0704566438761187,0.1142353122267625,0.0769722237538665,0.0769722237538665,0.1222170548444445
2001-02-01,0.0585461075297715,0.0585461075297715,0.0688728391566044,-0.0288353038041293,-0.0288353038041302,0.1902980595543715,0.0704566438761187,0.0704566438761187,0.1142353122267625
2001-03-01,0.0555976711237171,0.0555976711237171,0.072444147841276,0.0585461075297715,0.0585461075297715,0.0688728391566044,-0.0288353038041293,-0.0288353038041302,0.1902980595543715
2001-04-01,0.0356797296804316,0.0356797296804298,0.0579890364373181,0.0555976711237171,0.0555976711237171,0.072444147841276,0.0585461075297715,0.0585461075297715,0.0688728391566044
2001-05-01,0.0457980746866155,0.0457980746866137,0.0580947871846442,0.0356797296804316,0.0356797296804298,0.0579890364373181,0.0555976711237171,0.0555976711237171,0.072444147841276
2001-06-01,0.0146916980628279,0.0146916980628279,0.0484884547239703,0.0457980746866155,0.0457980746866137,0.0580947871846442,0.0356797296804316,0.0356797296804298,0.0579890364373181
2001-07-01,0.0043814212839929,0.0043814212839929,0.0668307517205102,0.0146916980628279,0.0146916980628279,0.0484884547239703,0.0457980746866155,0.0457980746866137,0.0580947871846442
2001-08-01,0.015530704896248,0.015530704896248,0.0603427059309575,0.0043814212839929,0.0043814212839929,0.0668307517205102,0.0146916980628279,0.0146916980628279,0.0484884547239703
2001-09-01,0.0301307062505369,0.0301307062505351,0.0651339583850258,0.015530704896248,0.015530704896248,0.0603427059309575,0.0043814212839929,0.0043814212839929,0.0668307517205102
2001-10-01,0.0291062844235963,0.0291062844235963,0.0567995297784911,0.0301307062505369,0.0301307062505351,0.0651339583850258,0.015530704896248,0.015530704896248,0.0603427059309575
2001-11-01,0.0321993549678598,0.0321993549678598,0.0614336842173859,0.0291062844235963,0.0291062844235963,0.0567995297784911,0.0301307062505369,0.0301307062505351,0.0651339583850258
2001-12-01,0.0362963107173222,0.0362963107173222,0.057686398507025,0.0321993549678598,0.0321993549678598,0.0614336842173859,0.0291062844235963,0.0291062844235963,0.0567995297784911
2002-01-01,-0.4045854646636275,-0.404585464663628,-0.2877950766690134,0.0362963107173222,0.0362963107173222,0.057686398507025,0.0321993549678598,0.0321993549678598,0.0614336842173859
2002-02-01,-0.0823024412509507,-0.0823024412509516,-0.189678593831168,-0.4045854646636275,-0.404585464663628,-0.2877950766690134,0.0362963107173222,0.0362963107173222,0.057686398507025
2002-03-01,-0.1464028060356685,-0.1464028060356676,-0.2081888966332164,-0.0823024412509507,-0.0823024412509516,-0.189678593831168,-0.4045854646636275,-0.404585464663628,-0.2877950766690134
2002-04-01,-0.1452886841142984,-0.1452886841142984,-0.2102926195533774,-0.1464028060356685,-0.1464028060356676,-0.2081888966332164,-0.0823024412509507,-0.0823024412509516,-0.189678593831168
2002-05-01,-0.1979390008683896,-0.1979390008683888,-0.2371047641048971,-0.1452886841142984,-0.1452886841142984,-0.2102926195533774,-0.1464028060356685,-0.1464028060356676,-0.2081888966332164
2002-06-01,-0.2271186644522504,-0.2271186644522496,-0.2285364837455112,-0.1979390008683896,-0.1979390008683888,-0.2371047641048971,-0.1452886841142984,-0.1452886841142984,-0.2102926195533774
2002-07-01,-0.2286368922721209,-0.2286368922721226,-0.2634160488031342,-0.2271186644522504,-0.2271186644522496,-0.2285364837455112,-0.1979390008683896,-0.1979390008683888,-0.2371047641048971
2002-08-01,-0.2887241156471826,-0.2887241156471809,-0.2727104719275654,-0.2286368922721209,-0.2286368922721226,-0.2634160488031342,-0.2271186644522504,-0.2271186644522496,-0.2285364837455112
2002-09-01,-0.3012717466963863,-0.3012717466963845,-0.2863161167669723,-0.2887241156471826,-0.2887241156471809,-0.2727104719275654,-0.2286368922721209,-0.2286368922721226,-0.2634160488031342
2002-10-01,-0.3038701078915284,-0.3038701078915266,-0.2820493746410752,-0.3012717466963863,-0.3012717466963845,-0.2863161167669723,-0.2887241156471826,-0.2887241156471809,-0.2727104719275654
2002-11-01,-0.321428447246955,-0.321428447246955,-0.2854630767554251,-0.3038701078915284,-0.3038701078915266,-0.2820493746410752,-0.3012717466963863,-0.3012717466963845,-0.2863161167669723
2002-12-01,-0.335133910681991,-0.335133910681991,-0.2797358144520565,-0.321428447246955,-0.321428447246955,-0.2854630767554251,-0.3038701078915284,-0.3038701078915266,-0.2820493746410752
2003-01-01,-5.1542901680472335,-5.154290168047233,0.0108515681632486,-0.335133910681991,-0.335133910681991,-0.2797358144520565,-0.321428447246955,-0.321428447246955,-0.2854630767554251
2003-02-01,-0.0321878450529187,-0.0321878450529187,-0.1606365712750408,-5.1542901680472335,-5.154290168047233,0.0108515681632486,-0.335133910681991,-0.335133910681991,-0.2797358144520565
2003-03-01,-0.0763419279080554,-0.0763419279080563,-0.1164625548095514,-0.0321878450529187,-0.0321878450529187,-0.1606365712750408,-5.1542901680472335,-5.154290168047233,0.0108515681632486
2003-04-01,-0.0271672777251659,-0.0271672777251659,-0.1022480023800316,-0.0763419279080554,-0.0763419279080563,-0.1164625548095514,-0.0321878450529187,-0.0321878450529187,-0.1606365712750408
2003-05-01,-0.0244514786702385,-0.0244514786702385,-0.0727842300049221,-0.0271672777251659,-0.0271672777251659,-0.1022480023800316,-0.0763419279080554,-0.0763419279080563,-0.1164625548095514
2003-06-01,-0.0385951624931255,-0.0385951624931255,-0.0479912532108501,-0.0244514786702385,-0.0244514786702385,-0.0727842300049221,-0.0271672777251659,-0.0271672777251659,-0.1022480023800316
2003-07-01,-0.0157111140411014,-0.0157111140410997,-0.0434689660327149,-0.0385951624931255,-0.0385951624931255,-0.0479912532108501,-0.0244514786702385,-0.0244514786702385,-0.0727842300049221
2003-08-01,-0.0130056961462603,-0.0130056961462603,-0.0304093719572708,-0.0157111140411014,-0.0157111140410997,-0.0434689660327149,-0.0385951624931255,-0.0385951624931255,-0.0479912532108501
2003-09-01,-0.004873852110359,-0.004873852110359,-0.0159061802829505,-0.0130056961462603,-0.0130056961462603,-0.0304093719572708,-0.0157111140411014,-0.0157111140410997,-0.0434689660327149
2003-10-01,0.0262659252331793,0.0262659252331793,-0.0110544276231383,-0.004873852110359,-0.004873852110359,-0.0159061802829505,-0.0130056961462603,-0.0130056961462603,-0.0304093719572708
2003-11-01,0.0331324545835265,0.0331324545835265,-0.0063520028206411,0.0262659252331793,0.0262659252331793,-0.0110544276231383,-0.004873852110359,-0.004873852110359,-0.0159061802829505
2003-12-01,0.0274737424243838,0.0274737424243838,-0.0042301451017969,0.0331324545835265,0.0331324545835265,-0.0063520028206411,0.0262659252331793,0.0262659252331793,-0.0110544276231383
2004-01-01,2.139339683260905,2.139339683260905,-0.0201201638333374,0.0274737424243838,0.0274737424243838,-0.0042301451017969,0.0331324545835265,0.0331324545835265,-0.0063520028206411
2004-02-01,0.0340328009898271,0.0340328009898271,0.0536270904915161,2.139339683260905,2.139339683260905,-0.0201201638333374,0.0274737424243838,0.0274737424243838,-0.0042301451017969
2004-03-01,0.0338698928541631,0.0338698928541631,0.0602010629047757,0.0340328009898271,0.0340328009898271,0.0536270904915161,2.139339683260905,2.139339683260905,-0.0201201638333374
2004-04-01,0.0487929340471122,0.0487929340471131,0.0262599022344849,0.0338698928541631,0.0338698928541631,0.0602010629047757,0.0340328009898271,0.0340328009898271,0.0536270904915161
2004-05-01,0.0475498416398778,0.0475498416398778,0.0208585693007838,0.0487929340471122,0.0487929340471131,0.0262599022344849,0.0338698928541631,0.0338698928541631,0.0602010629047757
2004-06-01,0.0206230866731189,0.020623086673118,0.0207120004561627,0.0475498416398778,0.0475498416398778,0.0208585693007838,0.0487929340471122,0.0487929340471131,0.0262599022344849
2004-07-01,0.0356784809410868,0.0356784809410859,0.0298672793223548,0.0206230866731189,0.020623086673118,0.0207120004561627,0.0475498416398778,0.0475498416398778,0.0208585693007838
2004-08-01,0.0450817826645053,0.0450817826645053,0.0243255629262781,0.0356784809410868,0.0356784809410859,0.0298672793223548,0.0206230866731189,0.020623086673118,0.0207120004561627
2004-09-01,0.0561254956805061,0.0561254956805061,0.0208289031651371,0.0450817826645053,0.0450817826645053,0.0243255629262781,0.0356784809410868,0.0356784809410859,0.0298672793223548
2004-10-01,0.0592991707366881,0.0592991707366881,0.0703537186012637,0.0561254956805061,0.0561254956805061,0.0208289031651371,0.0450817826645053,0.0450817826645053,0.0243255629262781
2004-11-01,0.0654166428663565,0.0654166428663565,0.0569638371253375,0.0592991707366881,0.0592991707366881,0.0703537186012637,0.0561254956805061,0.0561254956805061,0.0208289031651371
2004-12-01,0.0563744909163155,0.0563744909163155,0.0491719239274992,0.0654166428663565,0.0654166428663565,0.0569638371253375,0.0592991707366881,0.0592991707366881,0.0703537186012637
2005-01-01,2.3896691417616216,2.3896691417616225,0.2157707870302152,0.0563744909163155,0.0563744909163155,0.0491719239274992,0.0654166428663565,0.0654166428663565,0.0569638371253375
2005-02-01,0.1367625301987036,0.1367625301987045,0.1622980869243466,2.3896691417616216,2.3896691417616225,0.2157707870302152,0.0563744909163155,0.0563744909163155,0.0491719239274992
2005-03-01,0.1710971866316111,0.1710971866316128,0.1225406504493449,0.1367625301987036,0.1367625301987045,0.1622980869243466,2.3896691417616216,2.3896691417616225,0.2157707870302152
2005-04-01,0.1410759476594112,0.1410759476594121,0.1232028966322147,0.1710971866316111,0.1710971866316128,0.1225406504493449,0.1367625301987036,0.1367625301987045,0.1622980869243466
2005-05-01,0.1625290829770591,0.16252908297706,0.1076878643191943,0.1410759476594112,0.1410759476594121,0.1232028966322147,0.1710971866316111,0.1710971866316128,0.1225406504493449
2005-06-01,0.1728062185612451,0.1728062185612451,0.0734968383367569,0.1625290829770591,0.16252908297706,0.1076878643191943,0.1410759476594112,0.1410759476594121,0.1232028966322147
2005-07-01,0.1725871701947863,0.1725871701947872,0.0604687439115014,0.1728062185612451,0.1728062185612451,0.0734968383367569,0.1625290829770591,0.16252908297706,0.1076878643191943
2005-08-01,0.1263040217527464,0.1263040217527464,0.0630674752270747,0.1725871701947863,0.1725871701947872,0.0604687439115014,0.1728062185612451,0.1728062185612451,0.0734968383367569
2005-09-01,0.1132761943061702,0.1132761943061684,0.0663364312165448,0.1263040217527464,0.1263040217527464,0.0630674752270747,0.1725871701947863,0.1725871701947872,0.0604687439115014
2005-10-01,0.09823792760249,0.09823792760249,0.0277246715670624,0.1132761943061702,0.1132761943061684,0.0663364312165448,0.1263040217527464,0.1263040217527464,0.0630674752270747
2005-11-01,0.0709836633476967,0.0709836633476967,0.0299864262156255,0.09823792760249,0.09823792760249,0.0277246715670624,0.1132761943061702,0.1132761943061684,0.0663364312165448
2005-12-01,0.0760010652782039,0.0760010652782039,0.0563304590976621,0.0709836633476967,0.0709836633476967,0.0299864262156255,0.09823792760249,0.09823792760249,0.0277246715670624
2006-01-01,-0.1331888682163091,-0.13318886821631,-0.1323883485429897,0.0760010652782039,0.0760010652782039,0.0563304590976621,0.0709836633476967,0.0709836633476967,0.0299864262156255
2006-02-01,0.1145111256629363,0.1145111256629363,0.0548772206954844,-0.1331888682163091,-0.13318886821631,-0.1323883485429897,0.0760010652782039,0.0760010652782039,0.0563304590976621
2006-03-01,0.0842013056358244,0.0842013056358226,0.0511185550576973,0.1145111256629363,0.1145111256629363,0.0548772206954844,-0.1331888682163091,-0.13318886821631,-0.1323883485429897
2006-04-01,0.1200149139858943,0.1200149139858926,0.064585282886469,0.0842013056358244,0.0842013056358226,0.0511185550576973,0.1145111256629363,0.1145111256629363,0.0548772206954844
2006-05-01,0.073291333564116,0.073291333564116,0.0727021816080526,0.1200149139858943,0.1200149139858926,0.064585282886469,0.0842013056358244,0.0842013056358226,0.0511185550576973
2006-06-01,0.115909942083487,0.1159099420834852,0.0577218839803084,0.073291333564116,0.073291333564116,0.0727021816080526,0.1200149139858943,0.1200149139858926,0.064585282886469
2006-07-01,0.0614320000548715,0.0614320000548698,0.0957635753454679,0.115909942083487,0.1159099420834852,0.0577218839803084,0.073291333564116,0.073291333564116,0.0727021816080526
2006-08-01,0.056558007202085,0.056558007202085,0.1113934324592529,0.0614320000548715,0.0614320000548698,0.0957635753454679,0.115909942083487,0.1159099420834852,0.0577218839803084
2006-09-01,0.0519390017070762,0.0519390017070762,0.1127083349056343,0.056558007202085,0.056558007202085,0.1113934324592529,0.0614320000548715,0.0614320000548698,0.0957635753454679
2006-10-01,0.0583743490003261,0.0583743490003243,0.1147601322252356,0.0519390017070762,0.0519390017070762,0.1127083349056343,0.056558007202085,0.056558007202085,0.1113934324592529
2006-11-01,0.0792487317212309,0.0792487317212309,0.1284404424625105,0.0583743490003261,0.0583743490003243,0.1147601322252356,0.0519390017070762,0.0519390017070762,0.1127083349056343
2006-12-01,0.0798709757776396,0.0798709757776396,0.112495916889193,0.0792487317212309,0.0792487317212309,0.1284404424625105,0.0583743490003261,0.0583743490003243,0.1147601322252356
2007-01-01,0.3279559715897208,0.3279559715897208,0.0607907127763063,0.0798709757776396,0.0798709757776396,0.112495916889193,0.0792487317212309,0.0792487317212309,0.1284404424625105
2007-02-01,0.1411816489625152,0.1411816489625152,0.0787900249430224,0.3279559715897208,0.3279559715897208,0.0607907127763063,0.0798709757776396,0.0798709757776396,0.112495916889193
2007-03-01,0.0959181147088425,0.0959181147088425,0.0934447609812343,0.1411816489625152,0.1411816489625152,0.0787900249430224,0.3279559715897208,0.3279559715897208,0.0607907127763063
2007-04-01,0.0790151703617709,0.0790151703617709,0.0943245322195087,0.0959181147088425,0.0959181147088425,0.0934447609812343,0.1411816489625152,0.1411816489625152,0.0787900249430224
2007-05-01,0.0834439803912108,0.0834439803912108,0.0874626692175946,0.0790151703617709,0.0790151703617709,0.0943245322195087,0.0959181147088425,0.0959181147088425,0.0934447609812343
2007-06-01,0.0668213372684771,0.0668213372684771,0.0936360760929391,0.0834439803912108,0.0834439803912108,0.0874626692175946,0.0790151703617709,0.0790151703617709,0.0943245322195087
2007-07-01,-0.0254934853586767,-0.025493485358675,0.1277920070613776,0.0668213372684771,0.0668213372684771,0.0936360760929391,0.0834439803912108,0.0834439803912108,0.0874626692175946
2007-08-01,-0.0321468436739316,-0.0321468436739316,0.1296925322526432,-0.0254934853586767,-0.025493485358675,0.1277920070613776,0.0668213372684771,0.0668213372684771,0.0936360760929391
2007-09-01,-0.0157337097815943,-0.0157337097815926,0.1117955329624944,-0.0321468436739316,-0.0321468436739316,0.1296925322526432,-0.0254934853586767,-0.025493485358675,0.1277920070613776
2007-10-01,-0.0050120972624796,-0.0050120972624778,0.0885950048897576,-0.0157337097815943,-0.0157337097815926,0.1117955329624944,-0.0321468436739316,-0.0321468436739316,0.1296925322526432
2007-11-01,-0.0069420261090193,-0.0069420261090193,0.0871894018302246,-0.0050120972624796,-0.0050120972624778,0.0885950048897576,-0.0157337097815943,-0.0157337097815926,0.1117955329624944
2007-12-01,0.0023995026501975,0.0023995026501957,0.0728035619476035,-0.0069420261090193,-0.0069420261090193,0.0871894018302246,-0.0050120972624796,-0.0050120972624778,0.0885950048897576
2008-01-01,-0.749067970479544,-0.7490679704795444,0.2132812644152828,0.0023995026501975,0.0023995026501957,0.0728035619476035,-0.0069420261090193,-0.0069420261090193,0.0871894018302246
2008-02-01,-0.0985609160447484,-0.0985609160447484,0.0680310242469044,-0.749067970479544,-0.7490679704795444,0.2132812644152828,0.0023995026501975,0.0023995026501957,0.0728035619476035
2008-03-01,-0.0750639696306247,-0.0750639696306247,0.0299821882409112,-0.0985609160447484,-0.0985609160447484,0.0680310242469044,-0.749067970479544,-0.7490679704795444,0.2132812644152828
2008-04-01,-0.1353707490559106,-0.1353707490559106,0.0648723126999319,-0.0750639696306247,-0.0750639696306247,0.0299821882409112,-0.0985609160447484,-0.0985609160447484,0.0680310242469044
2008-05-01,-0.2395781253594631,-0.2395781253594631,0.0585612316818187,-0.1353707490559106,-0.1353707490559106,0.0648723126999319,-0.0750639696306247,-0.0750639696306247,0.0299821882409112
2008-06-01,-0.1997728066777924,-0.1997728066777924,0.0446885206034428,-0.2395781253594631,-0.2395781253594631,0.0585612316818187,-0.1353707490559106,-0.1353707490559106,0.0648723126999319
2008-07-01,-0.1281961975046037,-0.1281961975046055,0.06322492530282,-0.1997728066777924,-0.1997728066777924,0.0446885206034428,-0.2395781253594631,-0.2395781253594631,0.0585612316818187
2008-08-01,-0.2469963241823833,-0.2469963241823833,0.0359512976647202,-0.1281961975046037,-0.1281961975046055,0.06322492530282,-0.1997728066777924,-0.1997728066777924,0.0446885206034428
2008-09-01,-0.2059657900578777,-0.2059657900578777,0.0442820814075233,-0.2469963241823833,-0.2469963241823833,0.0359512976647202,-0.1281961975046037,-0.1281961975046055,0.06322492530282
2008-10-01,-0.2030815745434964,-0.2030815745434964,0.0552170257519453,-0.2059657900578777,-0.2059657900578777,0.0442820814075233,-0.2469963241823833,-0.2469963241823833,0.0359512976647202
2008-11-01,-0.2016020122956465,-0.2016020122956483,0.0516958686616462,-0.2030815745434964,-0.2030815745434964,0.0552170257519453,-0.2059657900578777,-0.2059657900578777,0.0442820814075233
2008-12-01,-0.2109838407237241,-0.2109838407237223,0.063928297875277,-0.2016020122956465,-0.2016020122956483,0.0516958686616462,-0.2030815745434964,-0.2030815745434964,0.0552170257519453
2009-01-01,0.0265461812396941,0.0265461812396949,-0.0916613862275328,-0.2109838407237241,-0.2109838407237223,0.063928297875277,-0.2016020122956465,-0.2016020122956483,0.0516958686616462
2009-02-01,-0.1781615144370327,-0.1781615144370327,0.0127881872467989,0.0265461812396941,0.0265461812396949,-0.0916613862275328,-0.2109838407237241,-0.2109838407237223,0.063928297875277
2009-03-01,-0.3237264629985965,-0.3237264629985956,0.1241707495164794,-0.1781615144370327,-0.1781615144370327,0.0127881872467989,0.0265461812396941,0.0265461812396949,-0.0916613862275328
2009-04-01,-0.4376906180727093,-0.4376906180727084,0.060591853206473,-0.3237264629985965,-0.3237264629985956,0.1241707495164794,-0.1781615144370327,-0.1781615144370327,0.0127881872467989
2009-05-01,-0.3857640681657805,-0.3857640681657805,0.045733753079137,-0.4376906180727093,-0.4376906180727084,0.060591853206473,-0.3237264629985965,-0.3237264629985956,0.1241707495164794
2009-06-01,-0.495976503976955,-0.4959765039769532,0.194242395216106,-0.3857640681657805,-0.3857640681657805,0.045733753079137,-0.4376906180727093,-0.4376906180727084,0.060591853206473
2009-07-01,-0.4112580762453266,-0.4112580762453248,0.2195037535189685,-0.495976503976955,-0.4959765039769532,0.194242395216106,-0.3857640681657805,-0.3857640681657805,0.045733753079137
2009-08-01,-0.4490255075046008,-0.4490255075046016,0.2446943856091588,-0.4112580762453266,-0.4112580762453248,0.2195037535189685,-0.495976503976955,-0.4959765039769532,0.194242395216106
2009-09-01,-0.3725273371121833,-0.3725273371121851,0.2474837100259428,-0.4490255075046008,-0.4490255075046016,0.2446943856091588,-0.4112580762453266,-0.4112580762453248,0.2195037535189685
2009-10-01,-0.2942179365898507,-0.2942179365898516,0.2504174432702246,-0.3725273371121833,-0.3725273371121851,0.2474837100259428,-0.4490255075046008,-0.4490255075046016,0.2446943856091588
2009-11-01,-0.3069687575935287,-0.3069687575935269,0.2509209952185394,-0.2942179365898507,-0.2942179365898516,0.2504174432702246,-0.3725273371121833,-0.3725273371121851,0.2474837100259428
2009-12-01,-0.3137396720295822,-0.313739672029583,0.3056599980086414,-0.3069687575935287,-0.3069687575935269,0.2509209952185394,-0.2942179365898507,-0.2942179365898516,0.2504174432702246
2010-01-01,0.1292596348520707,0.1292596348520702,0.1642606550560552,-0.3137396720295822,-0.313739672029583,0.3056599980086414,-0.3069687575935287,-0.3069687575935269,0.2509209952185394
2010-02-01,-0.0254889421029833,-0.0254889421029842,0.2333753172354855,0.1292596348520707,0.1292596348520702,0.1642606550560552,-0.3137396720295822,-0.313739672029583,0.3056599980086414
2010-03-01,0.1301796635072616,0.1301796635072616,0.1738091688542846,-0.0254889421029833,-0.0254889421029842,0.2333753172354855,0.1292596348520707,0.1292596348520702,0.1642606550560552
2010-04-01,0.2533191857512093,0.2533191857512084,0.19961576842985,0.1301796635072616,0.1301796635072616,0.1738091688542846,-0.0254889421029833,-0.0254889421029842,0.2333753172354855
2010-05-01,0.3549423947296688,0.3549423947296688,0.2487175816454723,0.2533191857512093,0.2533191857512084,0.19961576842985,0.1301796635072616,0.1301796635072616,0.1738091688542846
2010-06-01,0.4734590820686701,0.4734590820686701,0.0706289532140811,0.3549423947296688,0.3549423947296688,0.2487175816454723,0.2533191857512093,0.2533191857512084,0.19961576842985
2010-07-01,0.5683862381347016,0.5683862381347016,-0.0454801067843773,0.4734590820686701,0.4734590820686701,0.0706289532140811,0.3549423947296688,0.3549423947296688,0.2487175816454723
2010-08-01,0.782319892693783,0.782319892693784,-0.0728504646070806,0.5683862381347016,0.5683862381347016,-0.0454801067843773,0.4734590820686701,0.4734590820686701,0.0706289532140811
2010-09-01,0.6885231132917972,0.688523113291799,-0.0291326438171903,0.782319892693783,0.782319892693784,-0.0728504646070806,0.5683862381347016,0.5683862381347016,-0.0454801067843773
2010-10-01,0.5683519592184254,0.5683519592184263,-0.0223110585144272,0.6885231132917972,0.688523113291799,-0.0291326438171903,0.782319892693783,0.782319892693784,-0.0728504646070806
2010-11-01,0.57806902135634,0.5780690213563381,-0.0026682272443601,0.5683519592184254,0.5683519592184263,-0.0223110585144272,0.6885231132917972,0.688523113291799,-0.0291326438171903
2010-12-01,0.5922023985922262,0.5922023985922271,-0.071503476642734,0.57806902135634,0.5780690213563381,-0.0026682272443601,0.5683519592184254,0.5683519592184263,-0.0223110585144272
2011-01-01,-0.5911660538651864,-0.5911660538651866,-0.3457749066479927,0.5922023985922262,0.5922023985922271,-0.071503476642734,0.57806902135634,0.5780690213563381,-0.0026682272443601
2011-02-01,-0.135302927572269,-0.135302927572269,-0.2444689680385687,-0.5911660538651864,-0.5911660538651866,-0.3457749066479927,0.5922023985922262,0.5922023985922271,-0.071503476642734
2011-03-01,-0.1894082260191538,-0.1894082260191538,-0.3615426940623036,-0.135302927572269,-0.135302927572269,-0.2444689680385687,-0.5911660538651864,-0.5911660538651866,-0.3457749066479927
2011-04-01,-0.133501785364821,-0.1335017853648201,-0.3095043127498788,-0.1894082260191538,-0.1894082260191538,-0.3615426940623036,-0.135302927572269,-0.135302927572269,-0.2444689680385687
2011-05-01,-0.159903570157537,-0.159903570157537,-0.3393350039857212,-0.133501785364821,-0.1335017853648201,-0.3095043127498788,-0.1894082260191538,-0.1894082260191538,-0.3615426940623036
2011-06-01,-0.2373273092582035,-0.2373273092582044,-0.2978833120858706,-0.159903570157537,-0.159903570157537,-0.3393350039857212,-0.133501785364821,-0.1335017853648201,-0.3095043127498788
2011-07-01,-0.3387148023976713,-0.3387148023976722,-0.2340090581962854,-0.2373273092582035,-0.2373273092582044,-0.2978833120858706,-0.159903570157537,-0.159903570157537,-0.3393350039857212
2011-08-01,-0.4131753885122791,-0.4131753885122791,-0.2570253121819563,-0.3387148023976713,-0.3387148023976722,-0.2340090581962854,-0.2373273092582035,-0.2373273092582044,-0.2978833120858706
2011-09-01,-0.3862142034269524,-0.3862142034269524,-0.3267511316026032,-0.4131753885122791,-0.4131753885122791,-0.2570253121819563,-0.3387148023976713,-0.3387148023976722,-0.2340090581962854
2011-10-01,-0.3396496917178524,-0.3396496917178542,-0.3224691926003888,-0.3862142034269524,-0.3862142034269524,-0.3267511316026032,-0.4131753885122791,-0.4131753885122791,-0.2570253121819563
2011-11-01,-0.3566660395888288,-0.356666039588827,-0.2689640072270514,-0.3396496917178524,-0.3396496917178542,-0.3224691926003888,-0.3862142034269524,-0.3862142034269524,-0.3267511316026032
2011-12-01,-0.402735589233611,-0.402735589233611,-0.2700055619986265,-0.3566660395888288,-0.356666039588827,-0.2689640072270514,-0.3396496917178524,-0.3396496917178542,-0.3224691926003888
2012-01-01,1.0430970528506638,1.0430970528506645,0.4918472244582572,-0.402735589233611,-0.402735589233611,-0.2700055619986265,-0.3566660395888288,-0.356666039588827,-0.2689640072270514
2012-02-01,-0.1165307068919467,-0.1165307068919458,0.3487342974383045,1.0430970528506638,1.0430970528506645,0.4918472244582572,-0.402735589233611,-0.402735589233611,-0.2700055619986265
2012-03-01,-0.1072375652699744,-0.1072375652699753,0.3346118130019624,-0.1165307068919467,-0.1165307068919458,0.3487342974383045,1.0430970528506638,1.0430970528506645,0.4918472244582572
2012-04-01,-0.0875282841732261,-0.0875282841732261,0.2216759239412615,-0.1072375652699744,-0.1072375652699753,0.3346118130019624,-0.1165307068919467,-0.1165307068919458,0.3487342974383045
2012-05-01,-0.1259258109068159,-0.1259258109068159,0.2401361072814412,-0.0875282841732261,-0.0875282841732261,0.2216759239412615,-0.1072375652699744,-0.1072375652699753,0.3346118130019624
2012-06-01,-0.1459765970894917,-0.1459765970894917,0.3227184350217333,-0.1259258109068159,-0.1259258109068159,0.2401361072814412,-0.0875282841732261,-0.0875282841732261,0.2216759239412615
2012-07-01,-1.231888683673466,-1.231888683673465,0.2301283784064249,-0.1459765970894917,-0.1459765970894917,0.3227184350217333,-0.1259258109068159,-0.1259258109068159,0.2401361072814412
2012-08-01,-1.3559106491100508,-1.3559106491100508,0.2042339099870327,-1.231888683673466,-1.231888683673465,0.2301283784064249,-0.1459765970894917,-0.1459765970894917,0.3227184350217333
2012-09-01,-0.8390664195932284,-0.8390664195932303,0.2049208680317748,-1.3559106491100508,-1.3559106491100508,0.2042339099870327,-1.231888683673466,-1.231888683673465,0.2301283784064249
2012-10-01,-0.5870950174120289,-0.587095017412028,0.1457551998316688,-0.8390664195932284,-0.8390664195932303,0.2049208680317748,-1.3559106491100508,-1.3559106491100508,0.2042339099870327
2012-11-01,-0.4943060219565573,-0.4943060219565573,0.0312160148447553,-0.5870950174120289,-0.587095017412028,0.1457551998316688,-0.8390664195932284,-0.8390664195932303,0.2049208680317748
2012-12-01,-0.3843103165198602,-0.3843103165198611,0.053042943830146,-0.4943060219565573,-0.4943060219565573,0.0312160148447553,-0.5870950174120289,-0.587095017412028,0.1457551998316688
2013-01-01,0.7325840282809075,0.7325840282809065,3.173907217183835,-0.3843103165198602,-0.3843103165198611,0.053042943830146,-0.4943060219565573,-0.4943060219565573,0.0312160148447553
2013-02-01,-0.1337678465052949,-0.1337678465052958,2.9797706626268727,0.7325840282809075,0.7325840282809065,3.173907217183835,-0.3843103165198602,-0.3843103165198611,0.053042943830146
2013-03-01,-0.1192656138735124,-0.1192656138735133,3.109579348830652,-0.1337678465052949,-0.1337678465052958,2.9797706626268727,0.7325840282809075,0.7325840282809065,3.173907217183835
2013-04-01,-0.1398835159061349,-0.1398835159061349,3.110314236470634,-0.1192656138735124,-0.1192656138735133,3.109579348830652,-0.1337678465052949,-0.1337678465052958,2.9797706626268727
2013-05-01,-0.0700305891489403,-0.0700305891489403,2.903893846125131,-0.1398835159061349,-0.1398835159061349,3.110314236470634,-0.1192656138735124,-0.1192656138735133,3.109579348830652
2013-06-01,0.0299025896572384,0.0299025896572393,2.9273882467838006,-0.0700305891489403,-0.0700305891489403,2.903893846125131,-0.1398835159061349,-0.1398835159061349,3.110314236470634
2013-07-01,1.1676521457564721,1.1676521457564721,2.991516572161114,0.0299025896572384,0.0299025896572393,2.9273882467838006,-0.0700305891489403,-0.0700305891489403,2.903893846125131
2013-08-01,1.3014246820902322,1.3014246820902322,2.8870474692213843,1.1676521457564721,1.1676521457564721,2.991516572161114,0.0299025896572384,0.0299025896572393,2.9273882467838006
2013-09-01,0.8042444170277124,0.8042444170277144,2.944562421071087,1.3014246820902322,1.3014246820902322,2.8870474692213843,1.1676521457564721,1.1676521457564721,2.991516572161114
2013-10-01,0.5658306061870011,0.5658306061870002,2.953728450527114,0.8042444170277124,0.8042444170277144,2.944562421071087,1.3014246820902322,1.3014246820902322,2.8870474692213843
2013-11-01,0.4986739425058086,0.4986739425058086,2.963767429881578,0.5658306061870011,0.5658306061870002,2.953728450527114,0.8042444170277124,0.8042444170277144,2.944562421071087
2013-12-01,0.4164907206621712,0.4164907206621721,2.4961647212463376,0.4986739425058086,0.4986739425058086,2.963767429881578,0.5658306061870011,0.5658306061870002,2.953728450527114
2014-01-01,-0.0042891798721189,0.5166907432183887,-0.0018443384055064,0.4164907206621712,0.4164907206621721,2.4961647212463376,0.4986739425058086,0.4986739425058086,2.963767429881578
2014-02-01,0.0325668429900058,0.0681447277143005,0.0291230361099739,-0.0042891798721189,0.5166907432183887,-0.0018443384055064,0.4164907206621712,0.4164907206621721,2.4961647212463376
2014-03-01,0.0580578948423244,0.075920020842318,0.0291366764981848,0.0325668429900058,0.0681447277143005,0.0291230361099739,-0.0042891798721189,0.5166907432183887,-0.0018443384055064
2014-04-01,0.0673754908532995,0.0440815736613853,0.0438865480259025,0.0580578948423244,0.075920020842318,0.0291366764981848,0.0325668429900058,0.0681447277143005,0.0291230361099739
2014-05-01,0.052394325493779,0.0609581589811254,0.0377524449797217,0.0673754908532995,0.0440815736613853,0.0438865480259025,0.0580578948423244,0.075920020842318,0.0291366764981848
2014-06-01,0.0466462110114846,0.1217254213539122,0.053058720968691,0.052394325493779,0.0609581589811254,0.0377524449797217,0.0673754908532995,0.0440815736613853,0.0438865480259025
2014-07-01,0.0567090601222393,0.0537151085905813,0.0424369013967726,0.0466462110114846,0.1217254213539122,0.053058720968691,0.052394325493779,0.0609581589811254,0.0377524449797217
2014-08-01,0.0380032963357255,0.0095731154224889,0.0458177778001278,0.0567090601222393,0.0537151085905813,0.0424369013967726,0.0466462110114846,0.1217254213539122,0.053058720968691
2014-09-01,0.0477886014470083,0.0340579210203912,0.0393509222574497,0.0380032963357255,0.0095731154224889,0.0458177778001278,0.0567090601222393,0.0537151085905813,0.0424369013967726
2014-10-01,0.0434936377231505,0.0237379745685011,0.0394914655518672,0.0477886014470083,0.0340579210203912,0.0393509222574497,0.0380032963357255,0.0095731154224889,0.0458177778001278
2014-11-01,0.0407369825366004,-0.0067275602130578,0.0296695509872542,0.0434936377231505,0.0237379745685011,0.0394914655518672,0.0477886014470083,0.0340579210203912,0.0393509222574497
2014-12-01,0.0490605735566571,0.0538709844873253,0.0229750136642223,0.0407369825366004,-0.0067275602130578,0.0296695509872542,0.0434936377231505,0.0237379745685011,0.0394914655518672
2015-01-01,-0.0096134491682349,0.4787373092144902,-0.0583427524601489,0.0490605735566571,0.0538709844873253,0.0229750136642223,0.0407369825366004,-0.0067275602130578,0.0296695509872542
2015-02-01,0.0011144022972136,0.0032345041676586,-0.0343354296039066,-0.0096134491682349,0.4787373092144902,-0.0583427524601489,0.0490605735566571,0.0538709844873253,0.0229750136642223
2015-03-01,0.0171003749922622,-0.0294736781731632,0.0034060300679428,0.0011144022972136,0.0032345041676586,-0.0343354296039066,-0.0096134491682349,0.4787373092144902,-0.0583427524601489
2015-04-01,0.0360332257978761,0.0137998859009895,0.0215083803689548,0.0171003749922622,-0.0294736781731632,0.0034060300679428,0.0011144022972136,0.0032345041676586,-0.0343354296039066
2015-05-01,0.038325747749651,-0.011628037995119,0.0283266346186064,0.0360332257978761,0.0137998859009895,0.0215083803689548,0.0171003749922622,-0.0294736781731632,0.0034060300679428
2015-06-01,0.0511607888240721,0.0092388686885316,0.0235992149317656,0.038325747749651,-0.011628037995119,0.0283266346186064,0.0360332257978761,0.0137998859009895,0.0215083803689548
2015-07-01,0.0578271631161371,0.1593443236570024,0.0264323988821129,0.0511607888240721,0.0092388686885316,0.0235992149317656,0.038325747749651,-0.011628037995119,0.0283266346186064
2015-08-01,0.0578534318049381,0.1647648810690327,0.0379955233362725,0.0578271631161371,0.1593443236570024,0.0264323988821129,0.0511607888240721,0.0092388686885316,0.0235992149317656
2015-09-01,0.0600787883578064,0.1219984532879596,0.0294490507653204,0.0578534318049381,0.1647648810690327,0.0379955233362725,0.0578271631161371,0.1593443236570024,0.0264323988821129
2015-10-01,0.0579762759939868,0.1523297966752412,0.0307640908267448,0.0600787883578064,0.1219984532879596,0.0294490507653204,0.0578534318049381,0.1647648810690327,0.0379955233362725
2015-11-01,0.061824792034848,0.1490405243798207,0.0350257398000337,0.0579762759939868,0.1523297966752412,0.0307640908267448,0.0600787883578064,0.1219984532879596,0.0294490507653204
2015-12-01,0.0759208600985115,0.0856290814795315,0.0270224353622321,0.061824792034848,0.1490405243798207,0.0350257398000337,0.0579762759939868,0.1523297966752412,0.0307640908267448
2016-01-01,-0.0580729312486205,-0.0331522073169008,-0.0199631098401322,0.0759208600985115,0.0856290814795315,0.0270224353622321,0.061824792034848,0.1490405243798207,0.0350257398000337
2016-02-01,-0.0936467537009271,-0.5160419320234161,-0.0443350803464053,-0.0580729312486205,-0.0331522073169008,-0.0199631098401322,0.0759208600985115,0.0856290814795315,0.0270224353622321
2016-03-01,-0.025832209923843,-0.4382291447757404,-0.0550909643214545,-0.0936467537009271,-0.5160419320234161,-0.0443350803464053,-0.0580729312486205,-0.0331522073169008,-0.0199631098401322
2016-04-01,-0.0118863717275381,-0.4130552773748404,-0.1328883777677774,-0.025832209923843,-0.4382291447757404,-0.0550909643214545,-0.0936467537009271,-0.5160419320234161,-0.0443350803464053
2016-05-01,-0.0068817475890536,-0.3625400633911306,-0.1002220826007391,-0.0118863717275381,-0.4130552773748404,-0.1328883777677774,-0.025832209923843,-0.4382291447757404,-0.0550909643214545
2016-06-01,0.0075433081471185,-0.3184037523594973,-0.0845677397198922,-0.0068817475890536,-0.3625400633911306,-0.1002220826007391,-0.0118863717275381,-0.4130552773748404,-0.1328883777677774
2016-07-01,-0.0011780684314839,-0.2423298145476966,-0.0470730694398806,0.0075433081471185,-0.3184037523594973,-0.0845677397198922,-0.0068817475890536,-0.3625400633911306,-0.1002220826007391
2016-08-01,0.0120526412142076,-0.2382867210917956,-0.0365842584899276,-0.0011780684314839,-0.2423298145476966,-0.0470730694398806,0.0075433081471185,-0.3184037523594973,-0.0845677397198922
2016-09-01,0.0164516931708256,-0.2117087158479229,-0.0227690386071461,0.0120526412142076,-0.2382867210917956,-0.0365842584899276,-0.0011780684314839,-0.2423298145476966,-0.0470730694398806
2016-10-01,0.0140902118310357,-0.2256647123831143,0.0348983988410385,0.0164516931708256,-0.2117087158479229,-0.0227690386071461,0.0120526412142076,-0.2382867210917956,-0.0365842584899276
2016-11-01,0.0043836741178342,-0.2255002447179901,0.0298055396299776,0.0140902118310357,-0.2256647123831143,0.0348983988410385,0.0164516931708256,-0.2117087158479229,-0.0227690386071461
2016-12-01,0.0180766016399385,-0.2145129057075063,0.026104416116901,0.0043836741178342,-0.2255002447179901,0.0298055396299776,0.0140902118310357,-0.2256647123831143,0.0348983988410385
2017-01-01,0.0342724027832144,-0.2839437503411739,0.0786750022084969,0.0180766016399385,-0.2145129057075063,0.026104416116901,0.0043836741178342,-0.2255002447179901,0.0298055396299776
2017-02-01,0.0494214521711029,0.0293224028655885,0.0254543714020378,0.0342724027832144,-0.2839437503411739,0.0786750022084969,0.0180766016399385,-0.2145129057075063,0.026104416116901
2017-03-01,0.0700861746434355,-0.004004811119513,0.0404866089434818,0.0494214521711029,0.0293224028655885,0.0254543714020378,0.0342724027832144,-0.2839437503411739,0.0786750022084969
2017-04-01,0.0456603774067705,-0.0042949242828802,0.1367165477530516,0.0700861746434355,-0.004004811119513,0.0404866089434818,0.0494214521711029,0.0293224028655885,0.0254543714020378
2017-05-01,0.0649565390644895,-0.0202422843707488,0.1092763323984176,0.0456603774067705,-0.0042949242828802,0.1367165477530516,0.0700861746434355,-0.004004811119513,0.0404866089434818
2017-06-01,0.0646705748893818,-0.0380998462322699,0.0999351053983694,0.0649565390644895,-0.0202422843707488,0.1092763323984176,0.0456603774067705,-0.0042949242828802,0.1367165477530516
2017-07-01,0.0591973394767944,-0.033708597472021,0.1072950501059271,0.0646705748893818,-0.0380998462322699,0.0999351053983694,0.0649565390644895,-0.0202422843707488,0.1092763323984176
2017-08-01,0.0588037344081602,-0.0333642289439,0.1079364590064297,0.0591973394767944,-0.033708597472021,0.1072950501059271,0.0646705748893818,-0.0380998462322699,0.0999351053983694
2017-09-01,0.0583188127253659,-0.020818022452266,0.0992825001646959,0.0588037344081602,-0.0333642289439,0.1079364590064297,0.0591973394767944,-0.033708597472021,0.1072950501059271
2017-10-01,0.0579609823579456,-0.0119718462336626,0.0608784031772469,0.0583188127253659,-0.020818022452266,0.0992825001646959,0.0588037344081602,-0.0333642289439,0.1079364590064297
2017-11-01,0.0631780307242202,0.0,0.0632525361556304,0.0579609823579456,-0.0119718462336626,0.0608784031772469,0.0583188127253659,-0.020818022452266,0.0992825001646959
2017-12-01,0.0506439697367362,-0.0184063845679745,0.0620285724029407,0.0631780307242202,0.0,0.0632525361556304,0.0579609823579456,-0.0119718462336626,0.0608784031772469
2018-01-01,0.0896244474006628,0.306166887125884,0.0559787389856225,0.0506439697367362,-0.0184063845679745,0.0620285724029407,0.0631780307242202,0.0,0.0632525361556304
2018-02-01,0.0698053999854622,0.1658409012562964,0.0503772438098497,0.0896244474006628,0.306166887125884,0.0559787389856225,0.0506439697367362,-0.0184063845679745,0.0620285724029407
2018-03-01,0.0485844757050824,0.1612339951738581,0.0717811345221885,0.0698053999854622,0.1658409012562964,0.0503772438098497,0.0896244474006628,0.306166887125884,0.0559787389856225
2018-04-01,0.0664983304032915,0.1770470300606845,0.0619956702581205,0.0485844757050824,0.1612339951738581,0.0717811345221885,0.0698053999854622,0.1658409012562964,0.0503772438098497
2018-05-01,0.0459989987207052,0.1672570273325586,0.0596976829253481,0.0664983304032915,0.1770470300606845,0.0619956702581205,0.0485844757050824,0.1612339951738581,0.0717811345221885
2018-06-01,0.0552313799936747,0.1692920565036209,0.0649658888477819,0.0459989987207052,0.1672570273325586,0.0596976829253481,0.0664983304032915,0.1770470300606845,0.0619956702581205
2018-07-01,0.0486534831804412,0.1269425028540833,0.0836270131314815,0.0552313799936747,0.1692920565036209,0.0649658888477819,0.0459989987207052,0.1672570273325586,0.0596976829253481
2018-08-01,0.0446469851949675,0.1332132758729924,0.0777803988022061,0.0486534831804412,0.1269425028540833,0.0836270131314815,0.0552313799936747,0.1692920565036209,0.0649658888477819
2018-09-01,0.0471460077410057,0.1329468821354016,0.0740927629415022,0.0446469851949675,0.1332132758729924,0.0777803988022061,0.0486534831804412,0.1269425028540833,0.0836270131314815
2018-10-01,0.0475054708705098,0.1327555442867671,0.0918864951459852,0.0471460077410057,0.1329468821354016,0.0740927629415022,0.0446469851949675,0.1332132758729924,0.0777803988022061
2018-11-01,0.045576764783906,0.1290540002851816,0.0950411818201875,0.0475054708705098,0.1327555442867671,0.0918864951459852,0.0471460077410057,0.1329468821354016,0.0740927629415022
2018-12-01,0.045660996891673,0.1459305892799101,0.0857382669377848,0.045576764783906,0.1290540002851816,0.0950411818201875,0.0475054708705098,0.1327555442867671,0.0918864951459852
2019-01-01,0.0356651897664015,0.430782916092454,-0.0117596791781817,0.045660996891673,0.1459305892799101,0.0857382669377848,0.045576764783906,0.1290540002851816,0.0950411818201875
2019-02-01,0.016828069280649,0.063239458135917,0.0315682227192493,0.0356651897664015,0.430782916092454,-0.0117596791781817,0.045660996891673,0.1459305892799101,0.0857382669377848
2019-03-01,0.0383554646666564,0.1183900159481607,-0.0106267113688574,0.016828069280649,0.063239458135917,0.0315682227192493,0.0356651897664015,0.430782916092454,-0.0117596791781817
2019-04-01,0.0216253219381616,0.1054206100059707,0.0157083458626114,0.0383554646666564,0.1183900159481607,-0.0106267113688574,0.016828069280649,0.063239458135917,0.0315682227192493
2019-05-01,0.0196974294715737,0.1182789444193357,0.0303539929613467,0.0216253219381616,0.1054206100059707,0.0157083458626114,0.0383554646666564,0.1183900159481607,-0.0106267113688574
2019-06-01,0.0158135460164032,0.1090662734419662,0.0354585985635456,0.0196974294715737,0.1182789444193357,0.0303539929613467,0.0216253219381616,0.1054206100059707,0.0157083458626114
2019-07-01,0.0226841564504809,0.1262006668236637,0.0429639354579798,0.0158135460164032,0.1090662734419662,0.0354585985635456,0.0196974294715737,0.1182789444193357,0.0303539929613467
2019-08-01,0.0169271431216522,0.1172054540569282,0.0414759822746635,0.0226841564504809,0.1262006668236637,0.0429639354579798,0.0158135460164032,0.1090662734419662,0.0354585985635456
2019-09-01,0.0187424189435567,0.1100222114946376,0.0412875197196527,0.0169271431216522,0.1172054540569282,0.0414759822746635,0.0226841564504809,0.1262006668236637,0.0429639354579798
2019-10-01,0.0175246649868352,0.0915552087940376,0.0174611322097693,0.0187424189435567,0.1100222114946376,0.0412875197196527,0.0169271431216522,0.1172054540569282,0.0414759822746635
2019-11-01,0.0208147512082508,0.0942283339034446,0.0226375612909777,0.0175246649868352,0.0915552087940376,0.0174611322097693,0.0187424189435567,0.1100222114946376,0.0412875197196527
2019-12-01,0.0114026518579404,0.0979042149813711,0.0142428376995482,0.0208147512082508,0.0942283339034446,0.0226375612909777,0.0175246649868352,0.0915552087940376,0.0174611322097693
2020-01-01,0.0103184506790743,0.1397619423751592,0.0800427076735363,0.0114026518579404,0.0979042149813711,0.0142428376995482,0.0208147512082508,0.0942283339034446,0.0226375612909777
2020-02-01,0.0273230441591181,0.0482594490183263,0.0545247037206682,0.0103184506790743,0.1397619423751592,0.0800427076735363,0.0114026518579404,0.0979042149813711,0.0142428376995482
2020-03-01,-0.0262435638323097,0.026939671663718,0.0614515851061057,0.0273230441591181,0.0482594490183263,0.0545247037206682,0.0103184506790743,0.1397619423751592,0.0800427076735363
2020-04-01,-0.0803748260103525,0.0562566192076374,-0.0204348590830711,-0.0262435638323097,0.026939671663718,0.0614515851061057,0.0273230441591181,0.0482594490183263,0.0545247037206682
2020-05-01,-0.1385244648416801,0.049333020314088,-0.0248229738715917,-0.0803748260103525,0.0562566192076374,-0.0204348590830711,-0.0262435638323097,0.026939671663718,0.0614515851061057
2020-06-01,-0.1726978391364486,0.0538624081615211,-0.0527561382556829,-0.1385244648416801,0.049333020314088,-0.0248229738715917,-0.0803748260103525,0.0562566192076374,-0.0204348590830711
2020-07-01,-0.1645714653022523,0.0436248378565489,-0.0413337805649849,-0.1726978391364486,0.0538624081615211,-0.0527561382556829,-0.1385244648416801,0.049333020314088,-0.0248229738715917
2020-08-01,-0.1575329997745242,0.0817427626369813,-0.0308363894596581,-0.1645714653022523,0.0436248378565489,-0.0413337805649849,-0.1726978391364486,0.0538624081615211,-0.0527561382556829
2020-09-01,-0.1503121416381798,0.0572941957743715,-0.0191909542803365,-0.1575329997745242,0.0817427626369813,-0.0308363894596581,-0.1645714653022523,0.0436248378565489,-0.0413337805649849
2020-10-01,-0.1385539638721447,0.0801100046889384,-0.0595347376989465,-0.1503121416381798,0.0572941957743715,-0.0191909542803365,-0.1575329997745242,0.0817427626369813,-0.0308363894596581
2020-11-01,-0.1441308502450109,0.0840696874515387,-0.0469964880375588,-0.1385539638721447,0.0801100046889384,-0.0595347376989465,-0.1503121416381798,0.0572941957743715,-0.0191909542803365
2020-12-01,-0.1312312622204725,0.0800996439334085,-0.028829507754887,-0.1441308502450109,0.0840696874515387,-0.0469964880375588,-0.1385539638721447,0.0801100046889384,-0.0595347376989465
2021-01-01,-0.06878722699191,-0.1046706225638889,0.0212842604288194,-0.1312312622204725,0.0800996439334085,-0.028829507754887,-0.1441308502450109,0.0840696874515387,-0.0469964880375588
2021-02-01,-0.06347845229776,0.0809100767934527,0.0197738576309127,-0.06878722699191,-0.1046706225638889,0.0212842604288194,-0.1312312622204725,0.0800996439334085,-0.028829507754887
2021-03-01,0.0002792126222246,0.1095454853683737,0.026355844705364,-0.06347845229776,0.0809100767934527,0.0197738576309127,-0.06878722699191,-0.1046706225638889,0.0212842604288194
2021-04-01,0.0760319848614035,0.1234474894562875,0.1077766456683431,0.0002792126222246,0.1095454853683737,0.026355844705364,-0.06347845229776,0.0809100767934527,0.0197738576309127
2021-05-01,0.1201566231793673,0.1637451712210191,0.1172648125181314,0.0760319848614035,0.1234474894562875,0.1077766456683431,0.0002792126222246,0.1095454853683737,0.026355844705364
2021-06-01,0.1603497115837431,0.1702318367984689,0.1381936875133771,0.1201566231793673,0.1637451712210191,0.1172648125181314,0.0760319848614035,0.1234474894562875,0.1077766456683431
2021-07-01,0.1652609025764082,0.169443936562061,0.0935468336484799,0.1603497115837431,0.1702318367984689,0.1381936875133771,0.1201566231793673,0.1637451712210191,0.1172648125181314
2021-08-01,0.1594849356267023,0.1596550820662177,0.0924336834070835,0.1652609025764082,0.169443936562061,0.0935468336484799,0.1603497115837431,0.1702318367984689,0.1381936875133771
2021-09-01,0.1630299264562928,0.1616241265111995,0.0869015760465394,0.1594849356267023,0.1596550820662177,0.0924336834070835,0.1652609025764082,0.169443936562061,0.0935468336484799
2021-10-01,0.1629872518278556,0.1577971669308713,0.127716541521881,0.1630299264562928,0.1616241265111995,0.0869015760465394,0.1594849356267023,0.1596550820662177,0.0924336834070835
2021-11-01,0.1677116935544287,0.1632586405340674,0.1187553223960229,0.1629872518278556,0.1577971669308713,0.127716541521881,0.1630299264562928,0.1616241265111995,0.0869015760465394
2021-12-01,0.1619509659658113,0.1457542700108103,0.1402483712263418,0.1677116935544287,0.1632586405340674,0.1187553223960229,0.1629872518278556,0.1577971669308713,0.127716541521881
2022-01-01,0.2419280615652716,0.5566557463069461,0.1312353637440679,0.1619509659658113,0.1457542700108103,0.1402483712263418,0.1677116935544287,0.1632586405340674,0.1187553223960229
2022-02-01,0.177884370625426,0.0668690347141076,0.1211073741832216,0.2419280615652716,0.5566557463069461,0.1312353637440679,0.1619509659658113,0.1457542700108103,0.1402483712263418
2022-03-01,0.1750678164131827,0.0813042807373909,0.1399414401408929,0.177884370625426,0.0668690347141076,0.1211073741832216,0.2419280615652716,0.5566557463069461,0.1312353637440679
2022-04-01,0.1724806524055289,0.0972390581648703,0.1250587435117029,0.1750678164131827,0.0813042807373909,0.1399414401408929,0.177884370625426,0.0668690347141076,0.1211073741832216
2022-05-01,0.1845621262934002,0.1088400320365723,0.1411637676138948,0.1724806524055289,0.0972390581648703,0.1250587435117029,0.1750678164131827,0.0813042807373909,0.1399414401408929
2022-06-01,0.1633266134977926,0.0929829151755976,0.1457527856718528,0.1845621262934002,0.1088400320365723,0.1411637676138948,0.1724806524055289,0.0972390581648703,0.1250587435117029
2022-07-01,0.1492321584604372,0.1061702436055718,0.1734884232158116,0.1633266134977926,0.0929829151755976,0.1457527856718528,0.1845621262934002,0.1088400320365723,0.1411637676138948
2022-08-01,0.1548926506440953,0.0623317311201692,0.1743788453932513,0.1492321584604372,0.1061702436055718,0.1734884232158116,0.1633266134977926,0.0929829151755976,0.1457527856718528
2022-09-01,0.139640463668389,0.0673879187178148,0.1681931189415788,0.1548926506440953,0.0623317311201692,0.1743788453932513,0.1492321584604372,0.1061702436055718,0.1734884232158116
2022-10-01,0.127993544703953,0.0890208508967607,0.1751048804968267,0.139640463668389,0.0673879187178148,0.1681931189415788,0.1548926506440953,0.0623317311201692,0.1743788453932513
2022-11-01,0.1118839935771856,0.1003414391892274,0.1706268411684028,0.127993544703953,0.0890208508967607,0.1751048804968267,0.139640463668389,0.0673879187178148,0.1681931189415788
2022-12-01,0.0964624749193401,0.0899270697299225,0.1439743462365168,0.1118839935771856,0.1003414391892274,0.1706268411684028,0.127993544703953,0.0890208508967607,0.1751048804968267
2023-01-01,0.0078653858372863,0.2411620568168882,0.0652640868702505,0.0964624749193401,0.0899270697299225,0.1439743462365168,0.1118839935771856,0.1003414391892274,0.1706268411684028
2023-02-01,0.0714539196805663,0.5634517444856799,0.1202658692463618,0.0078653858372863,0.2411620568168882,0.0652640868702505,0.0964624749193401,0.0899270697299225,0.1439743462365168
2023-03-01,0.0424142272601315,0.5236276606982688,0.1063184887033337,0.0714539196805663,0.5634517444856799,0.1202658692463618,0.0078653858372863,0.2411620568168882,0.0652640868702505
2023-04-01,0.0345300598732904,0.465019931515747,0.1327511589189462,0.0424142272601315,0.5236276606982688,0.1063184887033337,0.0714539196805663,0.5634517444856799,0.1202658692463618
2023-05-01,0.0144707013060862,0.4160686505984472,0.1289428910192285,0.0345300598732904,0.465019931515747,0.1327511589189462,0.0424142272601315,0.5236276606982688,0.1063184887033337
2023-06-01,0.0187215088084133,0.4094454213132703,0.1157447427259867,0.0144707013060862,0.4160686505984472,0.1289428910192285,0.0345300598732904,0.465019931515747,0.1327511589189462
2023-07-01,0.0108248796732635,0.3471091158943959,0.0892157698233884,0.0187215088084133,0.4094454213132703,0.1157447427259867,0.0144707013060862,0.4160686505984472,0.1289428910192285
2023-08-01,0.0067365900518474,0.3816290161885564,0.1049498459395881,0.0108248796732635,0.3471091158943959,0.0892157698233884,0.0187215088084133,0.4094454213132703,0.1157447427259867
2023-09-01,0.0185396969918194,0.521734241947044,0.1050120424726834,0.0067365900518474,0.3816290161885564,0.1049498459395881,0.0108248796732635,0.3471091158943959,0.0892157698233884
2023-10-01,0.0200127859839032,0.4875925134072325,0.1001177043567658,0.0185396969918194,0.521734241947044,0.1050120424726834,0.0067365900518474,0.3816290161885564,0.1049498459395881
2023-11-01,0.0249121765372564,0.4691946371321868,0.0992853319759579,0.0200127859839032,0.4875925134072325,0.1001177043567658,0.0185396969918194,0.521734241947044,0.1050120424726834
2023-12-01,0.0357898190861885,0.4557563412861363,0.1073150850440285,0.0249121765372564,0.4691946371321868,0.0992853319759579,0.0200127859839032,0.4875925134072325,0.1001177043567658
2024-01-01,0.0411353268117107,-0.0125001627642316,0.0977024827323607,0.0357898190861885,0.4557563412861363,0.1073150850440285,0.0249121765372564,0.4691946371321868,0.0992853319759579
2024-02-01,0.0349739021541815,-0.0453259856422851,0.1201170679362562,0.0411353268117107,-0.0125001627642316,0.0977024827323607,0.0357898190861885,0.4557563412861363,0.1073150850440285
2024-03-01,0.0297501965252546,-0.033213927390399,0.1044725380088031,0.0349739021541815,-0.0453259856422851,0.1201170679362562,0.0411353268117107,-0.0125001627642316,0.0977024827323607
2024-04-01,0.038517311249036,-0.0319231712613312,0.1021751434255975,0.0297501965252546,-0.033213927390399,0.1044725380088031,0.0349739021541815,-0.0453259856422851,0.1201170679362562
2024-05-01,0.0673687354900014,-0.0164897988995935,0.1003821129145698,0.038517311249036,-0.0319231712613312,0.1021751434255975,0.0297501965252546,-0.033213927390399,0.1044725380088031
2024-06-01,0.0627430972910527,-0.0245514977304814,0.1067982667553764,0.0673687354900014,-0.0164897988995935,0.1003821129145698,0.038517311249036,-0.0319231712613312,0.1021751434255975
2024-07-01,0.063528651875707,-0.0168281808616086,0.0809278064368275,0.0627430972910527,-0.0245514977304814,0.1067982667553764,0.0673687354900014,-0.0164897988995935,0.1003821129145698
2024-08-01,0.0653885377786824,0.0008314625905132,0.0754809464938546,0.063528651875707,-0.0168281808616086,0.0809278064368275,0.0627430972910527,-0.0245514977304814,0.1067982667553764
2024-09-01,0.0627909331674061,-0.048694839828288,0.0834564847110748,0.0653885377786824,0.0008314625905132,0.0754809464938546,0.063528651875707,-0.0168281808616086,0.0809278064368275
2024-10-01,0.0697467479897166,-0.0412633506749191,0.0898496060596336,0.0627909331674061,-0.048694839828288,0.0834564847110748,0.0653885377786824,0.0008314625905132,0.0754809464938546
2024-11-01,0.0642591808091825,-0.0164284756033943,0.0973453030508544,0.0697467479897166,-0.0412633506749191,0.0898496060596336,0.0627909331674061,-0.048694839828288,0.0834564847110748
2024-12-01,0.0590083533954732,-0.0054162926011134,0.0890820563589134,0.0642591808091825,-0.0164284756033943,0.0973453030508544,0.0697467479897166,-0.0412633506749191,0.0898496060596336
2025-01-01,0.0824114488426541,0.0011362602562794,0.0782414360611429,0.0590083533954732,-0.0054162926011134,0.0890820563589134,0.0642591808091825,-0.0164284756033943,0.0973453030508544
2025-02-01,0.1110852852119403,0.0417674018386309,0.0578785918829236,0.0824114488426541,0.0011362602562794,0.0782414360611429,0.0590083533954732,-0.0054162926011134,0.0890820563589134
2025-03-01,0.1223750899779201,0.0658994791407252,0.0515150997486877,0.1110852852119403,0.0417674018386309,0.0578785918829236,0.0824114488426541,0.0011362602562794,0.0782414360611429
2025-04-01,0.0983305167439709,0.0506837122025665,0.049220697926156,0.1223750899779201,0.0658994791407252,0.0515150997486877,0.1110852852119403,0.0417674018386309,0.0578785918829236
2025-05-01,0.0927161879326998,0.0522532658738636,0.0467009631592532,0.0983305167439709,0.0506837122025665,0.049220697926156,0.1223750899779201,0.0658994791407252,0.0515150997486877
2025-06-01,0.0905007034133014,0.0568043591290496,0.041852962837888,0.0927161879326998,0.0522532658738636,0.0467009631592532,0.0983305167439709,0.0506837122025665,0.049220697926156
2025-07-01,0.0885996483044184,0.0613526278552196,0.0493229246646613,0.0905007034133014,0.0568043591290496,0.041852962837888,0.0927161879326998,0.0522532658738636,0.0467009631592532
2025-08-01,0.0817835361583405,0.0606945820567066,0.0496623378269358,0.0885996483044184,0.0613526278552196,0.0493229246646613,0.0905007034133014,0.0568043591290496,0.041852962837888
2025-09-01,0.0760979115414279,0.056108930438917,0.0480835895838236,0.0817835361583405,0.0606945820567066,0.0496623378269358,0.0885996483044184,0.0613526278552196,0.0493229246646613
2025-10-01,0.0754997921602029,0.0593077773685788,0.049101655031599,0.0760979115414279,0.056108930438917,0.0480835895838236,0.0817835361583405,0.0606945820567066,0.0496623378269358
2025-11-01,0.0768096064010812,0.0659172568120052,0.0530607591624008,0.0754997921602029,0.0593077773685788,0.049101655031599,0.0760979115414279,0.056108930438917,0.0480835895838236
2025-12-01,0.0739686325960526,0.0669022181466854,0.0565408352867855,0.0768096064010812,0.0659172568120052,0.0530607591624008,0.0754997921602029,0.0593077773685788,0.049101655031599
2026-01-01,,,,0.0739686325960526,0.0669022181466854,0.0565408352867855,0.0768096064010812,0.0659172568120052,0.0530607591624008
2026-02-01,,,,,,,0.0739686325960526,0.0669022181466854,0.0565408352867855
2026-03-01,,,,,,,,,
2026-04-01,,,,,,,,,
2026-05-01,,,,,,,,,
2026-06-01,,,,,,,,,
2026-07-01,,,,,,,,,
2026-08-01,,,,,,,,,
2026-09-01,,,,,,,,,
2026-10-01,,,,,,,,,
2026-11-01,,,,,,,,,
2026-12-01,,,,,,,,,
