_date_,exp1,exp2,exp3,exp4,exp5,exp6,exp7,exp8,exp9,exp10,exp11,exp12
1995-01-01,5065287.362,,,2962.878,18261.007,30299.0,,,,43.49076,8581366.01995187,
1995-02-01,5625751.133,,,2873.87,19502.294,28024.0,,,,43.88784,9535997.540981939,
1995-03-01,6555991.556,,,3650.007,22124.574,32894.0,,,,43.69789,10673575.6141742,
1995-04-01,5628182.383,,,4573.721,19504.515,38988.0,,,,45.15942,9031622.849205688,
1995-05-01,5783096.492,,,5117.085,20737.614,44153.0,,,,43.5087,9424005.30611181,
1995-06-01,5939325.953,,,5611.958,19520.897,45197.0,,,,44.28485,9811357.30522227,
1995-07-01,5187187.66,,,6462.531,20859.796,50406.0,,,,43.91768,8470425.37886948,
1995-08-01,4146132.776,,,6385.128,16551.623,49353.0,,,,43.88889,6920871.44052362,
1995-09-01,5982605.454,,,6139.799,20079.467,46994.0,,,,43.97575,9579906.761391021,
1995-10-01,6313032.148,,,5280.906,23033.34,44785.0,,,,44.11603,10131641.7377135,
1995-11-01,6639992.163,,,3227.95,24760.371,30636.0,,,,43.96479,10650954.3192704,
1995-12-01,5787540.088,,,3184.404,26278.171,33256.0,,,,44.23944,9427352.19053324,
1996-01-01,5768466.734,,,3179.412,21149.042,32143.0,,,,43.98826,9652418.45691572,65.4197
1996-02-01,5978798.703,,,3255.735,22757.976,31133.0,,,,44.19994,9688873.72361772,63.8825
1996-03-01,6347973.658,,,4216.763,25922.59,36203.0,,,,44.45252,10572769.4288254,63.641
1996-04-01,6593734.509,,,4478.971,20959.884,39332.0,,,,44.39456,10785109.2803959,64.092
1996-05-01,6996315.357,,,5233.378,21090.803,44904.0,,,,44.13837,11340127.9048722,64.9189
1996-06-01,6615428.648,,,5666.46,21570.192,46248.0,,,,44.81355,10507915.9817293,65.5657
1996-07-01,6524620.383,,,6269.696,19776.49,49883.0,,,,45.30948,10675382.3881349,65.8379
1996-08-01,4533083.553,,,6756.61,18507.858,51480.0,,,,44.67566,7413047.645495819,64.4717
1996-09-01,6254921.64,,,6209.674,22005.735,48037.0,,,,46.01852,10222447.2125502,67.8801
1996-10-01,7794754.21,,,5410.295,25167.499,45040.0,,,,46.46011,12382398.3131437,66.8356
1996-11-01,7289449.882,,,3599.049,30613.779,35285.0,,,,46.76031,11479131.8022275,66.8711
1996-12-01,7019375.518,,,3309.139,27987.333,34433.0,,,,47.14779,11025216.0780947,69.6205
1997-01-01,6487378.487,,,3379.683,23738.94,34775.0,2926.24,1496.950993,,47.02671,10346190.49774,69.039
1997-02-01,6486542.413,,,3271.041,27440.874,32478.0,3152.62,1653.843029,,46.87733,9939905.52486547,69.1546
1997-03-01,7764232.526,,,4577.74,26925.224,39613.0,4213.7,2403.157624,,48.94653,12304177.7809646,72.27
1997-04-01,8156289.189,,,4599.7,15866.921,40418.0,4493.09,2548.224067,,48.22836,12715994.2017985,71.3271
1997-05-01,7804660.554,,,5876.02,24275.883,48510.0,5541.46,3732.701746,,49.28446,12153378.6688752,71.19
1997-06-01,7713994.2,,,6049.11,23376.114,48701.0,5336.1,3532.967696,,49.50431,12175640.2974154,73.1139
1997-07-01,7629072.145,,,6819.013,24678.232,52676.0,7791.49,5303.964366,,50.44824,12337858.2909024,72.0807
1997-08-01,5345816.108,,,7604.936,20177.493,56242.0,8879.22,5563.449852,,50.64925,8475908.05305924,73.7936
1997-09-01,8143081.617,,,6570.219,24163.022,50629.0,5586.38,3821.726515,,51.23286,12630498.0973739,73.5662
1997-10-01,9562671.126,,,5992.377,27020.643,48722.0,4758.94,3115.594628,,51.56342,14945526.9803232,76.529
1997-11-01,8476063.13,,,3978.274,31036.938,37371.0,3301.93,1933.073491,,51.81247,13143098.2074399,75.739
1997-12-01,7934299.574,,,3504.047,27076.349,36281.0,3719.72,2018.534443,,51.71195,12365016.4400849,74.6322
1998-01-01,7289408.015,,,3755.607,24186.59,37860.0,3436.12,1710.868946,,52.42789,11377983.9901076,76.7759
1998-02-01,7981584.178,,,3733.054,25631.323,35238.0,3541.77,1887.96453,,52.82526,12549035.1014193,78.1088
1998-03-01,8880855.27,,,4707.689,29764.937,41012.0,4067.72,2354.415369,,52.50254,13818311.5520966,76.714
1998-04-01,8581827.708,,,5468.95,25961.995,46854.0,5356.41,3297.400816,,53.71628,13286204.342978,80.0604
1998-05-01,8818384.329,,,6555.319,25811.804,53931.0,6319.42,4311.544522,,54.01383,13669875.4567959,78.4877
1998-06-01,8998610.015,,,6665.59,26204.483,52811.0,5989.59,3952.627586,,53.59432,14070924.8355107,77.5814
1998-07-01,8585960.526,,,7448.998,26537.293,57270.0,8580.76,5760.159581,,54.26988,13314815.7234415,80.0088
1998-08-01,5786431.815,,,8225.299,22093.251,60084.0,10358.36,6057.777031,,54.13241,9282735.36336831,80.3948
1998-09-01,7889082.23,,,7351.687,25616.543,54442.0,6352.05,4321.74725,,53.29403,12265469.16888,78.3209
1998-10-01,8877642.812,,,6824.536,28803.913,54035.0,5719.92,3742.683218,,53.47119,13919020.7108492,79.7553
1998-11-01,8203731.48,,,4393.305,29468.568,41322.0,3801.74,2221.560812,,53.62293,13194169.1713696,80.268
1998-12-01,8008904.355,,,3925.38,31075.198,40787.0,4225.65,2282.430105,,53.68299,12641121.5869055,78.874
1999-01-01,6823582.795,6390.21,,4170.512,27689.491,42165.0,3688.04,1894.088312,,53.42933,10966631.7410957,75.7892
1999-02-01,7784832.642,6931.021,,4158.515,27499.165,39608.0,3781.58,2087.432069,,53.31956,12899178.104433,77.0282
1999-03-01,9522040.839,8364.216,,5289.342,29954.409,46051.0,4551.09,2739.169959,,54.58895,14932322.6657903,78.9431
1999-04-01,8124610.021,10350.825,,5757.159,25125.763,50034.0,5588.64,3328.166018,,52.96156,12644114.3746521,69.4975
1999-05-01,8896839.41,15682.588,,7170.358,26276.28,60317.0,6559.31,4499.923791,,55.57055,14361611.4085416,74.1052
1999-06-01,9569830.208,17374.616,,7386.235,24678.717,59250.0,6253.23,4277.921426,,55.06771,15314779.7004145,74.6015
1999-07-01,8776899.925,19047.406,,8380.458,26208.139,65805.0,9387.62,6476.699794,,56.50685,13635044.0831013,76.9207
1999-08-01,5979289.922,19900.96,,8722.233,21564.165,66380.0,10363.33,6468.979103,,56.06777,10007312.8747666,75.3397
1999-09-01,8669396.055,18080.183,,8021.451,27675.667,62333.0,6714.46,4617.066425,,56.319,13262983.882422,77.3043
1999-10-01,10108422.415,14603.554,,7743.152,33019.849,63023.0,6367.3,4326.608675,,58.52664,15620521.232058,77.3821
1999-11-01,9877578.715,6993.927,,4751.17,31976.132,47021.0,4152.37,2424.622205,,58.02204,15183485.6247906,78.5396
1999-12-01,9209845.185,5316.489,,4002.43,36069.571,45632.0,4298.63,2293.378697,,57.85523,14324557.2556304,79.5347
2000-01-01,8262815.248,5714.85,,4177.863,29130.052,46107.0,3705.36,1984.485917,,57.17295,12831836.3939364,81.6735
2000-02-01,9540218.837,6678.1,,4389.671,30385.077,44746.0,3983.35,2223.212062,,57.96303,14932635.2777461,82.6922
2000-03-01,10946443.401,8804.962,,5657.793,32463.077,51167.0,4762.79,2907.259265,,58.61729,16795803.2405855,82.4128
2000-04-01,9369171.318,10561.863,,6859.624,27515.61,59708.0,6522.64,4246.582351,,60.38649,14202654.7334257,83.9745
2000-05-01,10788914.532,14675.17,,7348.429,28189.041,65369.0,6196.73,4135.223769,,59.09819,16179879.2831673,86.535
2000-06-01,11398790.989,16836.78,,7971.315,28099.936,66449.0,6716.39,4644.444935,,60.37414,17089322.0604484,85.685
2000-07-01,10148286.974,18686.936,,9164.008,28975.43,73107.0,9442.48,6262.816319,,59.8844,15225290.5012593,85.9293
2000-08-01,7703899.426,18770.622,,9229.392,24331.077,71797.0,10267.86,5863.595581,,59.03753,11552189.3203934,87.0573
2000-09-01,10155198.451,17406.901,,8848.522,29323.626,69826.0,7515.89,5077.955254,,61.13742,14721413.2892356,87.3096
2000-10-01,11957232.491,13576.793,,7998.806,34143.57,67357.0,6299.54,4153.542441,,61.14812,17151348.5177423,86.2885
2000-11-01,12205639.046,6657.268,,4980.921,32675.494,50735.0,4233.76,2473.465679,,61.50698,17426917.4687371,88.4914
2000-12-01,10622928.328,5391.36,,4555.122,32664.476,49161.0,4573.96,2416.612251,,61.68085,15103311.754644,89.4097
2001-01-01,9896478.28,5761.463,4702084.0,4506.835,28578.725,48892.0,3986.61,2204.656834,,61.21757,14678006.0497011,88.42
2001-02-01,10960088.468,6884.292,4786682.0,4729.838,29832.219,46718.0,4129.12,2371.238959,,61.35479,16407715.3981242,89.4741
2001-03-01,11999288.838,8602.828,5112135.0,6095.803,33211.179,55101.0,4834.63,2996.611758,,61.50555,17936353.8311227,88.4777
2001-04-01,10633132.707,10211.964,5141484.0,7055.132,27541.242,61245.0,6547.6,4270.548193,,62.09654,15849628.4969301,86.6649
2001-05-01,11799942.546,14771.434,5925087.0,7641.294,27033.29,66945.0,6420.39,4417.69428,,61.23142,17251612.968797,86.3431
2001-06-01,11472853.49,16450.18,7167942.0,8522.716,25943.736,68939.0,6950.97,4955.77394,,62.19749,17000751.6551863,88.5765
2001-07-01,10432107.035,19011.751,9211638.0,9408.694,26894.286,73645.0,9494.56,6542.891118,,61.19015,15208458.9161283,85.4185
2001-08-01,8296562.523,19130.357,9198319.0,9617.353,23239.894,73825.0,10709.0,6605.754568,,61.24127,12241586.2306507,88.0522
2001-09-01,10202751.653,17623.937,7627410.0,9056.454,26492.627,71185.0,7326.45,5181.566686,,61.9053,15416755.8952719,87.0717
2001-10-01,11827688.512,13262.332,6378825.0,7488.843,31434.892,65698.0,6052.44,4034.809964,,60.83685,17817775.1763259,84.8851
2001-11-01,11496311.076,6441.212,4659887.0,4826.583,29289.699,48938.0,4110.18,2444.707875,,60.07102,17100272.3523512,81.5306
2001-12-01,9654751.875,5268.853,4390564.0,4384.725,29683.715,46558.0,4646.47,2532.729698,,61.02006,13986055.8304514,89.1258
2002-01-01,10139249.189,5635.583,4525351.0,4344.588,27221.091,46829.0,3984.37,2181.4798,,60.61555,15076270.1795315,87.5838
2002-02-01,10802236.006,6623.53,4444468.0,4738.612,27647.067,45828.0,4460.47,2556.15114,,61.70338,16057250.768438,87.2981
2002-03-01,11061086.26,8579.091,5090208.0,6400.749,28952.019,55879.0,5676.25,3543.083852,,63.62363,16157063.1147049,86.9496
2002-04-01,11409607.19,9254.63,4303521.0,6331.378,27644.463,57931.0,5955.37,3690.417959,,61.12906,17145654.7640093,88.9387
2002-05-01,11151094.867,13641.013,5358190.0,7448.231,28391.834,66226.0,6719.82,4526.57992,,61.67031,16738525.3083508,85.7851
2002-06-01,10700374.711,15372.858,6391086.0,8311.238,26930.442,67818.0,7123.33,5029.439751,,62.5607,16289444.4088212,87.3775
2002-07-01,11159616.601,17785.73,8645515.0,9124.595,29171.854,72914.0,9666.81,6600.905414,,62.79134,16677063.1959378,87.0705
2002-08-01,8777346.495,18540.317,9080853.0,9818.978,24017.697,74954.0,11933.4,7473.708011,,64.4629,13146106.3204067,86.3141
2002-09-01,10520776.559,16474.733,6830970.0,8827.343,28569.312,70173.0,7384.94,5099.817436,,63.5421,15846899.7659613,86.7379
2002-10-01,12610290.366,12732.147,6029699.0,7878.511,32666.374,67108.0,6563.92,4339.887953,,64.37072,18886826.2153112,89.3756
2002-11-01,11863885.112,6075.182,4284267.0,5211.027,30704.808,53229.0,4591.44,2651.260889,,63.75253,17779683.3113315,87.3542
2002-12-01,10618543.645,5121.58,4210304.0,4749.536,31767.863,51882.0,4873.69,2616.771257,,64.26114,16105368.0122594,87.5118
2003-01-01,10319937.166,5612.594,4381922.0,4816.795,26664.871,52475.0,4383.23,2396.30979,,63.90712,15642775.7961621,88.6162
2003-02-01,11211870.704,6227.817,4108240.0,4934.181,28554.441,49543.0,4459.17,2634.551707,,64.23007,16912578.8971137,88.1235
2003-03-01,12249836.575,8307.571,4705775.0,6248.965,30394.405,57592.0,5429.23,3187.329393,,64.75556,18704404.3706501,85.138
2003-04-01,12273528.951,9777.044,4517683.0,7046.056,27045.17,62446.0,6691.78,4247.791505,,65.1294,18344034.1760482,85.1013
2003-05-01,12356642.502,13871.208,4984393.0,8138.004,28546.772,70821.0,7335.69,4762.02631,,64.96674,18750856.568091705,85.205
2003-06-01,11679944.302,15961.355,6129281.0,8864.481,27550.388,72412.0,7508.16,5063.945617,,63.98083,18133778.860991105,83.6848
2003-07-01,11430945.601,17844.523,8172469.0,9719.087,29232.329,78407.0,9989.43,6752.008974,,64.34961,17314554.8808911,85.4916
2003-08-01,8268182.189,19349.62,8861145.0,10850.607,24263.615,82299.0,11786.14,7038.894012,,65.56943,12804959.7665308,85.1834
2003-09-01,11707759.329,16193.655,6370620.0,9126.943,28274.221,74123.0,7526.46,5034.911638,,65.5346,17692684.1971205,86.2646
2003-10-01,13068711.517,12560.034,5654677.0,8390.919,34179.789,71488.0,6844.17,4363.732287,,66.46391,19999617.6885429,88.3452
2003-11-01,11674836.159,5997.743,4015686.0,5721.699,32801.083,57148.0,4753.08,2636.271186,,66.20424,17626920.2670059,86.0809
2003-12-01,11573125.08,5162.321,4070713.0,5203.461,33568.748,55512.0,5246.28,2724.1017,,66.26765,17531687.8436191,84.9892
2004-01-01,10698765.242,5640.535,4288365.0,5320.764,27899.493,55998.0,4806.4,2558.157869,2302.983,66.73425,16711721.6388408,84.9071
2004-02-01,11528076.991,6591.878,4058728.0,5791.327,31043.289,55464.0,5192.53,2899.826868,2443.751,67.96473,17873017.9265201,85.0894
2004-03-01,13079619.639,8072.847,4491257.0,6731.864,34558.26,61662.0,5443.02,3164.80788,3037.58,66.05424,19924818.9807976,85.6263
2004-04-01,12361026.722,9231.12,4018749.0,7466.503,31092.581,67542.0,6974.59,4222.028084,3408.278,67.80755,18635873.1437688,86.1343
2004-05-01,12702338.072,13226.514,4347904.0,8390.589,33793.846,75009.0,7564.66,4951.38579,3770.232,68.15977,18943718.1215907,87.1921
2004-06-01,13084393.903,14870.928,5345227.0,9115.712,32207.218,76169.0,7366.34,4863.003881,4111.018,68.29285,19718618.9975858,85.6644
2004-07-01,12880549.653,17354.85,7125730.0,10519.634,33681.873,83868.0,10366.85,6819.108007,5553.921,69.41726,19407569.5021673,87.8227
2004-08-01,8891042.646,18680.751,8112172.0,11228.258,28940.956,85645.0,11717.6,6965.029546,5362.059,69.32494,13504898.015444,88.8607
2004-09-01,12103008.379,16486.885,5724823.0,9802.938,32425.731,78439.0,7858.67,5344.361341,4394.749,69.10436,18104982.9358714,88.098
2004-10-01,13002132.238,12847.986,5050452.0,9275.146,35870.901,78080.0,7539.04,4723.169949,4037.65,70.78565,19142844.1345321,88.155
2004-11-01,13779228.218,6313.22,3705779.0,6088.535,35329.269,59624.0,5070.11,2847.549173,2583.357,69.89319,20092295.187235,87.3709
2004-12-01,12350175.993,5336.104,3672610.0,5833.343,37102.166,60099.0,5714.63,3056.105045,2752.539,70.9938,18307130.420905095,88.2327
2005-01-01,10904549.63,5994.553,3997231.0,5972.95,28966.752,60933.0,5060.2,2716.33629,2372.254,71.13717,16332505.0547495,89.1274
2005-02-01,12141345.066,6524.41,3850330.0,5962.254,30900.388,57558.0,5264.37,2906.221068,2431.526,70.13242,17930996.8028579,88.5381
2005-03-01,12884609.137,7893.526,4214077.0,7605.874,34099.512,67808.0,6407.99,3701.456564,3205.547,71.1649,18719233.0237272,89.7407
2005-04-01,13405225.939,8794.928,3183137.0,7619.926,34227.924,69630.0,6952.75,4194.66738,3091.053,70.2845,19801631.0755673,89.9811
2005-05-01,13307218.886,13562.524,3874742.0,9098.315,30452.983,78820.0,8134.11,5221.130623,3862.683,71.01622,19216750.8205066,90.9249
2005-06-01,13581138.19,15451.412,4693504.0,9752.583,30415.532,80408.0,8187.47,5271.021905,4026.436,70.83678,19877749.2976784,90.4959
2005-07-01,12799560.067,18100.371,6608801.0,11563.925,31551.506,89308.0,11487.45,7391.403698,6184.257,72.2475,18130504.143555894,91.3964
2005-08-01,9920355.327,19280.936,7559752.0,11913.227,25919.091,89460.0,12483.59,7447.263046,5800.647,71.82317,14141258.410755,89.8826
2005-09-01,13515957.696,17286.343,5410570.0,10586.481,30237.104,82163.0,8800.63,5835.913977,5064.086,72.51121,19171710.6382028,91.6285
2005-10-01,13215763.74,13594.059,4815267.0,9845.377,35061.966,80432.0,7925.03,4931.778037,4416.29,71.90405,18503205.6055743,88.0277
2005-11-01,14592635.86,6757.162,3706910.0,6638.948,34104.843,63342.0,5396.73,3093.397312,2939.454,73.70313,20508803.7548728,92.1635
2005-12-01,13290635.255,5521.615,3497263.0,6273.164,34066.457,63586.0,6044.76,3174.045306,2611.332,74.01167,18482095.5646914,90.7799
2006-01-01,12753035.63,6531.942,3793761.0,6200.624,28198.27,63167.0,5306.09,2732.969369,2290.205,73.49976,18080628.3114104,91.5442
2006-02-01,13992104.461,6827.137,3675028.0,6189.137,28032.877,58996.0,5645.91,2981.712403,2443.905,74.22489,19989035.0090652,93.6332
2006-03-01,15449722.016,8659.896,4111517.0,7597.282,33749.042,67868.0,6487.73,3696.721296,3148.438,75.08012,21383240.880770095,94.0911
2006-04-01,13161178.898,10853.135,3662820.0,9137.361,30304.043,74533.0,8097.68,4946.604819,3820.548,75.93651,18426782.1332466,94.7118
2006-05-01,15471516.723,14851.186,3932621.0,9824.286,31728.492,82383.0,8751.69,5581.535859,4093.447,76.15346,21448492.9465031,94.601
2006-06-01,15192130.605,17654.21,5023315.0,10773.138,31650.533,84893.0,8274.55,5535.597699,4624.708,76.47539,21073361.0283151,96.5667
2006-07-01,13596858.921,20289.22,7173141.0,12221.964,32753.037,93473.0,11361.18,7458.513503,6298.619,76.22528,18342220.4963721,92.4508
2006-08-01,11264430.608,20269.122,7524197.0,12503.27,27253.141,93760.0,12713.85,7558.828588,6011.584,76.55811,15284645.673341,93.4915
2006-09-01,14092494.498,18290.662,5477883.0,11345.664,32115.413,87603.0,9053.47,6055.854802,5383.588,77.45554,19123834.5824394,92.9997
2006-10-01,15263497.286,14040.839,4740472.0,10285.854,36523.125,84135.0,8146.2,5081.446377,4253.836,77.23221,20467663.0078916,93.8557
2006-11-01,15096807.186,7318.339,3658429.0,6972.846,37212.054,66614.0,5592.74,3136.165271,2940.559,77.71383,20314214.2224253,93.4547
2006-12-01,14538082.983,6353.918,3664055.0,6830.982,37888.875,65204.0,6301.97,3221.921985,2933.809,78.8255,19678379.3573691,96.1531
2007-01-01,13968537.674,6771.914,3906586.0,6569.836,31898.092,65978.0,5528.82,2825.244573,2414.0,78.23278,19176352.1437385,93.9196
2007-02-01,14859700.138,7117.09,3747393.0,6685.102,31508.474,63056.0,5694.33,3107.733065,2621.0,79.45551,20208803.4600226,93.8845
2007-03-01,16301841.294,9288.373,4194052.0,8598.951,33490.121,75311.0,6896.56,3926.503325,3471.0,79.47303,21843743.4151646,95.9394
2007-04-01,14399070.415,11013.241,3418889.0,9517.243,31330.574,81317.0,8001.29,4731.193086,3768.0,80.06559,19701581.973124,94.8511
2007-05-01,16018788.337,14630.379,3828708.0,10379.6,33805.737,90463.0,8447.32,5447.773635,4079.0,79.64263,21468465.109029,94.9513
2007-06-01,16109748.874,17608.054,4862554.0,11650.638,34212.026,92993.0,8866.99,5753.986469,5167.0,81.18568,21554219.5845409,97.777
2007-07-01,15321762.724,20410.43,6540314.0,13430.282,34299.917,102215.0,11898.06,7527.345017,6652.0,81.77579,20190031.1564684,98.1163
2007-08-01,12125691.771,20882.537,7062422.0,13844.736,30013.379,102465.0,13336.19,7694.669306,6699.0,81.13613,16186063.5931886,98.5362
2007-09-01,14903099.693,18532.576,5092243.0,12489.665,34265.504,95424.0,9401.09,6084.476397,5686.0,81.32394,19665369.2485682,97.8332
2007-10-01,16706635.863,14270.794,4555329.0,11120.944,38683.872,89835.0,8247.52,5037.518097,4473.0,81.44934,22108099.7182063,99.6418
2007-11-01,16568049.75,7762.364,3428880.0,7829.212,37416.916,71747.0,5872.42,3276.587217,3168.0,82.86902,22097518.5668641,99.7151
2007-12-01,14195621.436,6805.024,3473393.0,7466.467,37405.514,71155.0,6270.02,3222.888935,3100.0,82.43888,18901759.4966155,98.0672
2008-01-01,14928260.944,7048.547,3826479.0,7114.203,32609.085,70363.0,5572.86,2883.53321,2583.0,82.58876,19802123.1374433,100.416
2008-02-01,16621408.421,7802.745,3851709.0,7472.232,34741.803,67780.0,6028.09,3304.590778,2914.0,84.11279,21932761.6914322,100.3675
2008-03-01,15881583.587,9653.678,4071177.0,9501.175,36192.757,78069.0,7351.85,4182.288745,3760.0,83.17853,21093927.4353237,98.8675
2008-04-01,17963810.975,10828.903,3162302.0,9339.237,36282.195,79703.0,7780.95,4626.714623,3705.0,82.45648,24023708.994669694,98.9039
2008-05-01,16621279.823,15547.934,3837149.0,11202.049,35196.997,90606.0,9264.67,5704.405423,4502.0,81.99831,22152080.5041569,95.1997
2008-06-01,15464022.719,17294.496,4738991.0,11836.807,39103.927,93592.0,8999.23,5788.436623,5213.0,80.64403,20375625.4521745,91.8924
2008-07-01,17188940.56,20960.235,6588345.0,13422.307,37432.189,100560.0,11373.58,6968.267859,6587.0,80.62231,22127446.9243886,98.689
2008-08-01,12121831.836,21102.064,6945027.0,14185.608,34267.485,102758.0,13282.39,7465.521767,6949.0,80.71876,15748289.8970139,95.7502
2008-09-01,17290431.117,18117.526,4861694.0,11984.044,36003.031,91810.0,8802.93,5728.763442,5477.0,80.03747,22634905.945669495,94.2353
2008-10-01,16671547.351,13855.895,4118292.0,10511.577,38925.466,85250.0,7764.99,4790.669403,4241.0,77.70594,22110489.151226,90.1529
2008-11-01,14288900.418,7097.485,3270143.0,7093.915,35944.409,62803.0,5406.68,2902.859113,2935.0,75.83731,18609058.80603,87.7642
2008-12-01,13142279.893,6054.041,3229193.0,6633.426,32595.556,60203.0,5620.27,2809.767982,2828.0,72.92736,17484645.9061151,84.6389
2009-01-01,11092411.871,6232.114,3314084.0,6271.669,27918.772,58689.0,5254.32,2521.203385,2303.0,71.70929,15346583.7156838,81.8778
2009-02-01,12400568.19,6454.422,3160852.0,6247.751,28381.943,56000.0,5332.69,2786.308897,2627.0,70.3784,17286141.2732557,79.4578
2009-03-01,13714245.412,8151.127,3354117.0,7644.281,32489.015,65149.0,6075.9,3314.402871,3120.0,69.74417,19225451.716820695,79.8776
2009-04-01,13192118.289,10187.933,2889415.0,9170.238,29373.505,73653.0,7564.42,4554.402994,3828.0,72.14125,18736381.6227785,80.439
2009-05-01,12893413.676,13838.041,3038385.0,9944.353,29233.166,80291.0,8249.67,5036.750689,4099.0,71.21854,18677313.2594468,80.3404
2009-06-01,13895927.323,16117.834,3715799.0,10839.035,30749.31,82399.0,8169.77,5211.365415,4782.0,72.06582,19470655.6922214,82.7752
2009-07-01,14474719.925,19060.29,5485381.0,12604.063,34877.696,91572.0,11046.67,6585.160205,6106.0,72.42102,20074351.8376179,82.6499
2009-08-01,10072323.375,18938.228,6022315.0,13095.503,31133.468,92661.0,12705.23,6841.32319,6401.0,73.41776,14685358.992692,84.2529
2009-09-01,13871145.853,16533.993,4081705.0,11100.479,36221.625,82912.0,8137.44,5174.960011,5011.0,74.34982,19808364.4492176,83.4578
2009-10-01,14918180.225,13005.698,3346498.0,10079.105,41711.932,78615.0,7900.94,4619.88347,4073.0,74.8201,21160693.2305582,85.0629
2009-11-01,14067741.445,6748.12,2917908.0,6932.688,40786.829,60030.0,5400.48,2813.564618,2844.0,75.08295,19817580.5597671,84.1133
2009-12-01,13661481.013,5960.138,2920915.0,6676.775,42681.108,58464.0,5669.61,2704.430363,2767.0,75.48727,19376217.3224268,87.7871
2010-01-01,12091730.785,6213.827,2827341.0,6351.139,35502.586,57336.0,5390.78,2546.096465,2406.0,75.96682,17296506.3674676,86.1372
2010-02-01,13986408.776,6836.289,2956077.0,6333.083,36782.458,54663.0,5316.64,2678.054055,2527.0,76.87744,20215825.8425558,88.5067
2010-03-01,16652383.358,8701.662,3249738.0,8095.873,44875.357,65711.0,6567.0,3419.861678,3283.0,79.08914,23865346.5062502,90.4602
2010-04-01,14623257.267,10267.711,2490189.0,8057.906,45979.616,67762.0,7156.91,3947.793508,3398.0,77.80422,21193825.864171,86.7271
2010-05-01,16213445.891,14701.698,3118140.0,10330.598,41660.714,83065.0,8147.15,5094.818387,4255.0,80.21319,22112587.0823766,91.8547
2010-06-01,16203220.225,16803.178,3897598.0,11346.839,39286.006,86732.0,8534.51,5297.215108,4894.0,80.73754,22473699.7844288,90.8017
2010-07-01,16378808.95,20997.313,5744074.0,13463.694,41272.104,97664.0,11377.67,6884.31084,6332.0,81.37681,22418897.4142174,91.955
2010-08-01,12874026.99,21644.649,6278555.0,13976.839,37175.918,98414.0,13045.05,7107.937939,6798.0,81.74319,17559810.6242534,90.7316
2010-09-01,15901966.155,18751.943,4356204.0,11954.2623,39179.044,86553.0,8792.13,5395.037422,5136.0,81.66389,21764135.9188516,92.4317
2010-10-01,17392551.946,14665.216,3550683.0,11095.999,45950.159,83949.0,8187.5,4819.024625,4293.0,84.38522,23720702.0689026,92.9162
2010-11-01,17525023.872,7882.715,2851763.0,7371.302,45873.947,62498.0,5420.55,2886.765077,2932.0,83.42087,23833574.0137701,94.7203
2010-12-01,15956191.304,6460.989,2724594.0,6671.059,46810.91,59022.0,5392.89,2581.540406,2672.0,83.02378,22014314.55233,95.4578
2011-01-01,15955103.022,7094.015,3048511.0,6921.995,39997.508,61488.0,5704.14,2659.222593,2474.0,85.54425,21561925.806384,98.2132
2011-02-01,17136929.187,7881.283,3101862.0,6917.385,40281.333,58756.0,5581.42,2737.948192,2686.0,84.58311,23198294.6422638,97.0529
2011-03-01,19645243.405,10332.8,3462053.0,8741.543,48500.45,70633.0,6529.07,3387.672697,3226.0,85.39475,26397531.1096536,96.247
2011-04-01,17343848.231,12740.491,3135815.0,10725.256,42132.816,83230.0,8127.04,4656.34689,4175.0,86.16701,22949219.3585243,96.9864
2011-05-01,18328321.579,16310.88,3288146.0,11338.321,43575.219,90028.0,8532.66,5185.002343,4404.0,85.97773,24820429.0208915,97.0568
2011-06-01,17953510.396,20099.117,4277328.0,12595.331,41319.361,93951.0,9427.98,5743.680904,5345.0,85.71819,23885564.3466409,95.2239
2011-07-01,18635206.323,23878.232,6186298.0,14851.685,44094.174,105017.0,12070.1,7282.900107,6916.0,86.53719,24375384.2740605,97.7918
2011-08-01,15443785.263,24400.781,6795664.0,15016.294,39212.391,104189.0,13615.37,7621.014766,7202.0,86.74424,20609505.5130668,95.8611
2011-09-01,17779690.322,20901.356,4811329.0,13263.972,44331.068,94517.0,9488.31,5982.339289,5414.0,85.89809,23450414.263382494,97.0526
2011-10-01,19394359.375,16247.37,3858596.0,11936.021,47971.204,88872.0,8713.08,5271.322676,4659.0,87.00784,24919661.165556505,96.6949
2011-11-01,19865736.759,8386.987,3134432.0,7523.617,46598.176,61641.0,5490.12,2979.401896,2866.0,86.22752,25902506.3260593,96.6358
2011-12-01,17003811.903,6963.618,2984778.0,7253.211,47055.057,60987.0,5473.97,2668.252009,2634.0,86.38274,22468281.4501768,97.0119
2012-01-01,16579204.648,7524.295,3207681.0,6941.633,38802.769,58438.0,5630.61,2814.619493,2653.0,87.08323,21959672.3503611,98.3526
2012-02-01,17977588.885,7979.704,3179366.0,6864.553,40366.249,56451.0,5411.59,2751.074857,2653.0,86.37189,23155114.0919998,96.9188
2012-03-01,19888497.946,9851.578,3381957.0,8641.339,46690.633,67362.0,6461.67,3467.140749,3276.0,86.9679,25775628.341336,96.7302
2012-04-01,17198356.293,12107.173,2758536.0,10396.091,41443.261,78647.0,7649.35,4538.24364,3822.0,86.58024,22834431.0679015,96.5759
2012-05-01,19462192.742,16781.993,3147818.0,11321.055,42763.023,86542.0,8519.97,5437.661239,4679.0,87.38206,25799662.6781181,95.8068
2012-06-01,18868544.156,20569.376,4288977.0,12905.825,42836.419,93425.0,9193.89,6005.380135,5655.0,87.63053,24964386.2546618,97.0733
2012-07-01,19600183.82,24784.964,6325771.0,14945.244,43702.102,103269.0,12093.54,7548.104256,7402.0,88.71645,25665611.5469512,97.8917
2012-08-01,16586907.342,25092.719,6938369.0,15109.596,42341.5,103396.0,13785.75,7885.393677,7362.0,88.43497,21678407.1369618,98.999
2012-09-01,17865997.294,22083.118,4969606.0,13433.847,44383.048,93440.0,9753.12,6252.598828,6116.0,88.56256,22797030.510354,97.5503
2012-10-01,21077971.239,16327.182,3903820.0,11537.915,48453.872,85000.0,8342.92,5137.177947,4687.0,88.07598,27063579.4347563,98.6238
2012-11-01,19749822.82,8366.415,3149608.0,7394.63,45758.194,58445.0,5431.68,2995.426211,2874.0,87.80714,25207502.6567245,98.4035
2012-12-01,17788626.65,7089.783,3078840.0,6924.3,45861.267,59528.0,5407.08,2631.30721,2751.0,87.25362,22502664.8630171,97.5736
2013-01-01,17881673.505,7418.969,3158044.0,6577.542,39686.34,54358.0,5385.52,2728.272432,2992.0,88.46521,23114370.464804,98.568
2013-02-01,18414293.077,7827.815,3107289.0,6518.124,38638.463,51060.0,5318.5,2756.023029,2989.0,89.64147,24285192.7242723,99.0125
2013-03-01,20288581.514,10475.908,3450127.0,8739.263,44531.589,64771.0,7013.63,3738.845765,3767.0,91.39534,27198467.5767535,99.3479
2013-04-01,20398425.668,11963.621,2882124.0,10052.506,45838.197,77061.0,7939.94,4690.771564,4236.0,90.6001,26560950.2310021,100.1225
2013-05-01,20890752.261,18162.269,3732503.0,11888.905,41280.453,88710.0,9342.98,5823.06282,5544.0,91.36835,27772754.4750887,98.98
2013-06-01,20848467.022,21451.621,4532445.0,13284.322,40954.905,93448.0,9660.53,6308.842335,6431.0,92.47201,26826376.681846295,101.7856
2013-07-01,19860819.902,25171.724,6489247.0,15123.921,42739.755,104484.0,12372.77,7727.186426,8443.0,91.60062,25645015.5057717,99.0296
2013-08-01,17215516.192,26024.469,7059758.0,15658.385,39116.621,105934.0,14491.76,8481.924038,8780.0,93.03923,22078662.863654505,101.8257
2013-09-01,19344803.055,22708.696,5049148.0,13767.985,42146.839,94678.0,10260.55,6550.854592,6857.0,93.67371,25386671.0225352,99.9837
2013-10-01,21464846.041,17407.737,4100460.0,12033.372,50745.425,86472.0,9004.76,5481.295037,5775.0,92.66794,27381877.5472171,101.1251
2013-11-01,19318583.925,8882.441,3223036.0,7942.118,48613.541,62335.0,5963.04,3305.271812,3398.0,93.01126,24982988.8936584,99.9428
2013-12-01,18313036.902,7900.963,3130253.0,7480.858,47989.367,59539.0,5995.62,3085.99672,3368.0,94.08183,23740237.5707863,100.2766
2014-01-01,18434419.999,8261.004,3364894.0,7146.225,42490.526,57959.0,5747.97,3064.668422,3294.0,95.56518,24360878.2660128,102.1961
2014-02-01,19325388.71,8418.274,3210307.0,7004.527,42368.346,54480.0,5748.23,3064.422005,3226.0,95.49351,25552369.5775868,103.3345
2014-03-01,20632551.591,11091.589,3614648.0,8869.009,51119.527,65214.0,6840.39,3760.53107,4013.0,94.12541,26899901.0979561,101.0942
2014-04-01,19645234.513,13283.988,3267980.0,11242.034,45834.713,81957.0,8767.28,5311.829719,5018.0,96.77994,25996783.9822758,103.7812
2014-05-01,20626409.728,18131.256,3740052.0,12564.978,46194.269,92526.0,9486.86,6149.736644,5733.0,96.50105,27068555.6555932,104.9149
2014-06-01,20601332.097,21698.004,4718731.0,13964.82,43014.362,98056.0,9993.82,6590.847588,6675.0,97.00146,27221927.0857902,104.4257
2014-07-01,21584791.358,24698.709,6385085.0,15745.908,47511.394,108950.0,12628.88,8149.090805,8796.0,98.23007,28370268.9239447,106.4789
2014-08-01,16341901.592,26540.528,7272748.0,16676.696,42683.801,111038.0,15071.43,9240.208047,9550.0,99.52997,21846540.7958796,108.5274
2014-09-01,21198804.202,23305.499,5107099.0,14468.814,47611.3,97904.0,10581.7,7066.406849,7307.0,99.54021,27426838.8418083,107.6615
2014-10-01,22347127.559,18065.539,4201424.0,12621.913,54058.495,89225.0,9447.8,5907.191661,6036.0,99.74612,29177614.192241,107.89
2014-11-01,19944375.461,9049.843,3159942.0,8251.85,51734.509,62795.0,6160.42,3396.166787,3452.0,99.87946,26113938.4876515,110.9476
2014-12-01,19352534.871,7986.508,3052326.0,7870.586,49592.321,60595.0,6184.48,3255.10934,3448.0,99.4306,25452553.1968574,109.4234
2015-01-01,17894613.843,8360.385,3206333.0,7642.048,41674.262,59502.0,5897.99,3175.915886,3606.697549,99.8774,23617151.9656533,107.6931
2015-02-01,19859900.286,8692.06,3169146.0,7474.776,45464.202,55860.0,5863.2,3228.368583,3431.096093,101.27135,25941930.8696057,111.4817
2015-03-01,23218284.824,10880.104,3459261.0,9511.377,52166.893,67797.0,6950.52,4007.974015,4225.961802,102.74814,30077503.8710854,116.128
2015-04-01,20918284.689,13599.89,3230371.0,11559.641,48080.661,83033.0,8762.02,5454.186755,5400.105546,102.92018,27701816.7638595,113.4722
2015-05-01,21025250.441,19233.177,3805870.0,13413.926,48007.926,94639.0,9983.02,6572.838525,6373.622628,103.26647,26813967.8309192,114.6368
2015-06-01,22206573.616,21521.458,4701921.0,14460.367,47452.228,99353.0,10122.74,6690.369386,6932.171677,103.98288,28907502.8388749,115.7596
2015-07-01,23507852.807,25979.666,6669182.0,16583.255,50354.641,111232.0,13174.45,8678.781707,9502.12529,105.19801,30307942.4444976,116.2694
2015-08-01,16206412.032,27537.189,7366302.0,17330.938,46834.839,113318.0,15228.18,9429.632311,9874.17651,104.15283,21539288.0050446,115.1377
2015-09-01,21423909.804,23988.101,5226304.0,15108.913,51451.47,99749.0,10576.41,7243.06702,7614.968268,105.06372,28426372.6971171,117.9632
2015-10-01,22169365.983,19487.673,4514855.0,13716.536,57253.81,92949.0,9940.966,6432.341,6280.63,105.81478,28744599.1508748,117.8537
2015-11-01,21655393.37,10002.281,3344525.0,9089.517,55200.448,65895.0,6429.628,3754.802,3872.84,106.18807,28323299.7596457,116.0766
2015-12-01,20155490.474,8698.839,3186881.0,8589.441,53038.368,64692.0,6417.639,3512.914,3773.27,106.78139,26649944.7611462,117.4589
2016-01-01,18267292.46,9042.054,3394526.0,8531.654,47539.101,63339.0,6133.318,3526.537,3737.26,106.51985,24363871.4509043,115.8509
2016-02-01,20390711.447,9869.534,3509995.0,8695.42,51925.203,62400.0,6254.862,3678.726,3706.27,107.47215,27208581.6836585,116.9565
2016-03-01,22443055.886,12603.332,3837227.0,10930.49,55645.798,75568.0,7684.502,4627.206,4624.47,108.08705,30022353.335472,116.6377
2016-04-01,22244731.788,15075.994,3522687.0,12513.512,56653.912,88465.0,9254.452,6086.327,5627.99,108.80938,29834747.3922466,119.6242
2016-05-01,22014135.478,21402.102,4370841.0,14889.654,52359.059,102947.0,10409.297,7111.154,6917.93,108.54687,29382994.1621533,120.8226
2016-06-01,22681280.589,24080.008,5298354.0,16060.423,50430.367,108564.0,10882.964,7552.758,7817.41,109.06389,30130853.312857,118.0768
2016-07-01,21366369.12,28362.245,7125350.0,18796.286,53322.865,123915.0,14103.246,9545.792,10238.54,109.76453,28016616.6089634,119.7571
2016-08-01,17646025.35,29257.315,7712717.0,18924.44,54366.525,123406.0,15765.727,10027.471,10281.98,110.29383,23720023.6552488,120.328
2016-09-01,21431637.041,26001.999,5710994.0,16835.295,59923.154,110842.0,11331.574,7932.607,8399.31,109.33312,28497089.907595105,118.2988
2016-10-01,21806803.087,21145.869,5049022.0,15636.913,66984.219,104652.0,10238.948,7137.723,7333.85,111.65249,29038891.4020842,120.3331
2016-11-01,23506897.111,10658.131,3564046.0,9984.595,63806.274,71776.0,6623.135,4098.262,4205.06,112.18389,30958855.421262305,122.5291
2016-12-01,20731277.469,9431.229,3396145.0,9986.733,60220.048,72545.0,6879.053,3990.446,4525.45,113.62251,27323347.516089305,122.1125
2017-01-01,21440076.544,9883.8,3642217.0,9566.081,53394.772,69937.0,6200.774,3905.736,4262.99,114.28881,28374531.4322228,126.951
2017-02-01,22075630.876,10121.322,3582714.0,9362.915,55611.262,66192.0,6600.345,4119.137,4304.73,114.81374,29484226.8107916,124.6873
2017-03-01,26225818.428,12569.758,3897271.0,11478.443,67375.422,78609.0,7552.469,4913.943,5109.49,114.4701,34580870.1810408,124.103
2017-04-01,21796212.378,16791.693,4068659.0,14855.206,61089.059,98666.0,10660.952,7081.594,6782.08,116.60943,29030163.8099644,124.9727
2017-05-01,25359083.706,22416.238,4684963.0,16103.673,63877.297,110332.0,11438.274,8002.648,7927.07,117.29438,33557991.9220143,123.7086
2017-06-01,23978634.052,25795.662,5734458.0,17748.736,60150.41,117699.0,11485.278,8431.975,8987.77,117.37109,32368530.4354219,125.8301
2017-07-01,22189031.161,29288.076,7305970.0,20166.108,65181.954,130558.0,15121.496,10493.438,11850.99,117.04677,29231240.5453923,124.9442
2017-08-01,19237660.907,29594.071,7827107.0,20177.206,69856.177,129549.0,15835.528,10397.745,11340.29,117.07429,25995573.0894203,125.8985
2017-09-01,23257499.333,26606.342,5871454.0,18240.389,70781.54,118118.0,12374.962,8877.27,9476.29,118.70779,30152744.8198561,128.3845
2017-10-01,24240876.738,21639.598,5069085.0,16361.616,80786.248,109966.0,10535.814,7269.931,7789.23,117.67073,31699113.5735717,126.5499
2017-11-01,25354529.395,10813.437,3565363.0,10729.453,74643.546,76565.0,6973.62,4392.575,4642.35,118.93395,33071216.9371302,127.0371
2017-12-01,21970682.428,9228.127,3316739.0,10521.344,67383.732,75987.0,6937.773,3982.53,4530.66,118.67935,28605608.4232938,127.0604
2018-01-01,22829627.808,9936.282,3490948.0,10096.903,63919.683,72431.0,6489.874,4106.601,4524.43,119.31371,29643444.906693894,131.9236
2018-02-01,22589523.721,10289.137,3441158.0,9933.814,63898.405,68950.0,6615.762,4218.047,4535.94,118.73162,29558497.2834291,132.1651
2018-03-01,25605526.834,12946.909,3765391.0,12619.635,75967.812,85468.0,8326.31,5393.186,5726.73,120.51749,32909161.491138,131.2794
2018-04-01,23858353.656,15947.842,3624336.0,14919.279,73409.446,100732.0,10301.539,6780.378,6621.53,118.61017,31210249.0978068,131.3519
2018-05-01,25309319.606,22732.654,4382702.0,16782.404,71798.592,113032.0,11624.018,8086.048,8155.06,121.14243,32543004.9171344,131.6975
2018-06-01,24724040.731,25311.127,5217425.0,18457.842,67567.385,122058.0,11780.733,8554.306,9370.81,120.65008,31753543.9030896,129.1245
2018-07-01,24354883.865,28532.03,6583227.0,20470.416,73180.318,133033.0,14766.107,10020.246,11748.1,121.11669,31068587.5125455,132.0833
2018-08-01,20714785.098,28772.169,7195090.0,20454.618,72340.793,131865.0,16121.776,10175.761,11459.69,120.19048,26778939.4478362,129.4745
2018-09-01,22176855.843,26357.9,5404167.0,18780.338,76757.241,122649.0,12803.621,8932.308,9545.81,120.67155,27957889.8817766,130.7674
2018-10-01,26413344.61,21846.402,4747886.0,17187.49,88236.193,115322.0,11153.466,7649.86,8164.58,121.07602,33205605.8594249,130.1956
2018-11-01,25280962.698,11105.954,3325377.0,11450.938,80819.467,81450.0,7241.009,4536.873,4888.55,120.83147,31848838.8571626,129.2064
2018-12-01,21166697.927,9702.778,3155464.0,11352.603,73503.931,81950.0,7231.453,4354.798,5009.52,121.57312,27196925.1541482,131.4279
2019-01-01,22525343.531,10006.273,3296131.0,10812.061,67341.088,78122.0,6784.666,4195.641,4678.67,123.50666,29002228.3697372,134.9352
2019-02-01,23018840.082,10193.198,3237214.0,10562.562,69258.89,72511.0,6984.74,4380.504,4658.61,122.29109,29301875.8417629,136.5341
2019-03-01,25469239.802,13038.51,3623376.0,13063.696,84219.932,85406.0,8643.169,5649.577,6034.87,122.97116,32238510.825382,134.7447
2019-04-01,24764584.761,16684.153,3557366.0,17976.822,75887.721,105818.0,10721.891,7146.033,7056.36,124.91468,31577223.965679105,135.0635
2019-05-01,26691544.402,22075.56,4078256.0,17221.252,74811.492,115426.0,11363.709,7919.204,8137.84,123.46702,34576844.7653186,137.2584
2019-06-01,24938661.088,25557.026,5006140.0,19594.552,66742.782,123259.0,12305.955,8833.893,9686.12,124.93363,32216170.3476254,133.8719
2019-07-01,25286753.772,28327.761,6382634.0,20823.901,77757.756,132488.0,14534.938,9873.27,11941.51,123.73493,31886856.6309098,136.4895
2019-08-01,19436253.856,28813.745,7058603.0,21091.389,73981.726,132154.0,16155.889,10118.366,11704.76,125.82089,25342512.8183002,135.0222
2019-09-01,23468753.241,26031.614,5246097.0,19187.689,82245.749,121772.0,12698.879,8845.152,9617.21,125.28728,29845537.8952025,134.9682
2019-10-01,26861399.679,21579.069,4373098.0,17278.68,94241.59,113180.0,11034.547,7587.749,8322.55,124.36325,33566442.2270226,135.1415
2019-11-01,25061368.328,11139.39,3154013.0,11840.712,92605.032,80338.0,7606.142,4655.021,5062.63,124.56399,31755770.3382067,131.8424
2019-12-01,22566331.539,9940.055,3104500.0,11731.114,84028.245,80690.0,7335.56,4304.741,5010.84,123.69021,28406566.3445707,132.7143
2020-01-01,23142387.834,10263.114,3232552.0,10974.72,76192.519,75389.0,6857.79,4133.024,4767.31,125.19679,29637511.5972524,135.1466
2020-02-01,23992357.128,10610.233,3227488.0,10874.275,73724.253,74319.0,7174.414,4427.344,4789.29,125.40599,30122562.1451744,137.5261
2020-03-01,21769151.44,5292.744,1356756.0,5337.544,58400.369,50601.0,3332.035,1997.262,2173.73,99.84824,27654788.840971,117.1191
2020-04-01,15042773.098,2671.6575,7231.685,53.834,30083.377,4412.0,19.94108,11.00767,11.5381,75.62481,19626402.3070536,87.7715
2020-05-01,17514828.839,50.571,7231.685,97.817,38706.372,5223.0,19.94108,11.00767,11.5381,78.2489,22238457.1645839,101.6944
2020-06-01,22639947.27,321.636,89581.0,317.549,37635.267,8124.0,656.181,204.272,133.89,85.96509,29275577.4743039,112.5135
2020-07-01,23385432.234,4169.806,1137672.0,3703.47,49893.965,43703.0,4763.482,2464.779,2457.94,101.75201,29842482.5310657,125.0199
2020-08-01,17664203.645,4869.172,1449545.0,4071.162,52102.114,57594.0,5354.768,2440.978,2456.85,100.42052,23293821.6780971,125.3887
2020-09-01,23250252.911,1826.034,532467.0,1960.67,63197.645,36451.0,3014.977,1138.868,964.49,98.6791,30464637.436457,124.2143
2020-10-01,25281732.724,1370.657,426188.0,1722.682,74540.207,28552.0,2681.899,1020.773,864.49,103.54873,32285294.2005107,128.2023
2020-11-01,24730657.678,1075.086,466972.5,1160.655,68406.187,19281.0,1000.276,456.814,481.98,101.9396,31339481.081129,129.3285
2020-12-01,22761732.906,1222.935,507757.0,1610.293,64791.791,23722.0,1574.148,648.989,696.81,103.37022,29372322.0166942,127.923
2021-01-01,20497598.227,777.409,374252.0,1236.245,54660.115,18251.0,1250.748,437.973,457.43,102.58182,25868093.6590442,125.0195
2021-02-01,23541978.154,662.177,298212.0,856.801,61529.069,13991.0,803.02,284.974,323.82,100.79339,29557108.3816773,124.7345
2021-03-01,28268288.02,997.112,353991.0,1270.209,74490.473,18377.0,1238.091,491.427,543.89,103.38912,34762751.5631266,127.0121
2021-04-01,25841334.356,1301.009,361827.0,1612.194,69162.895,23660.0,1246.691,629.206,668.42,104.96559,31498141.142955706,125.4919
2021-05-01,27202155.734,2647.639,537278.0,2637.142,66396.788,31994.0,2692.002,1363.164,1395.78,107.3731,32748880.2852961,123.8449
2021-06-01,27609646.772,5298.248,934592.0,4453.982,68371.381,49065.0,3942.082,2216.356,2421.69,109.59485,32906185.807555,127.008
2021-07-01,26567777.377,11511.428,2305866.0,8398.584,74345.321,81239.0,6997.238,4398.992,5229.47,115.89574,30799271.0562456,127.9589
2021-08-01,22097021.402,14889.566,3211370.0,10297.685,70567.799,89874.0,8581.154,5196.52,5907.3,120.11446,25826694.3152459,131.4383
2021-09-01,28336689.449,13866.55,2626674.0,9803.679,81971.472,81743.0,7064.833,4703.933,5051.2,121.44547,32794413.0781907,132.6919
2021-10-01,28719572.425,14409.129,2991628.0,11100.388,89400.775,84079.0,7429.965,5148.82,5606.29,127.43187,32804638.1421916,137.1327
2021-11-01,30308843.986,8842.628,2543917.0,8297.099,89345.157,65074.0,5323.293,3361.913,3761.5,128.61306,34108021.9691446,139.0906
2021-12-01,27618262.392,6903.882,2220272.0,7386.085,84415.552,67122.0,5062.259,2947.525,3536.59,128.48615,30413886.3414748,136.1429
2022-01-01,26600791.729,6062.368,2215040.0,6232.1,67840.858,57833.0,4252.809,2501.443,3039.78,127.44185,28762697.6522967,139.8721
2022-02-01,29920329.051,7604.976,2470535.0,7317.038,69302.405,56834.0,5305.95,3179.288,3774.69,130.96053,32168230.385804106,140.8605
2022-03-01,33090208.024,10560.891,2827603.0,9843.389,81891.169,73063.0,6061.508,4039.532,5077.45,129.46734,33488546.2655873,134.6639
2022-04-01,31313206.039,14937.079,3015087.0,13678.386,73158.426,97852.0,8619.969,6106.316,6910.11,137.34239,31570198.506433,141.7296
2022-05-01,35045106.364,19733.328,3693460.0,15084.449,72838.937,107228.0,9746.051,6988.353,8046.91,138.35088,35280792.6967833,145.661
2022-06-01,34949360.142,22894.83,4282472.0,16491.696,69798.419,44684.0,10214.168,7498.156,9025.67,137.67468,34710644.8949775,138.9213
2022-07-01,32042097.748,26513.088,6038701.0,18245.175,70116.819,121454.0,13044.946,9091.39,11902.1,138.23696,31175279.8541768,143.3482
2022-08-01,29090924.131,27871.3,6288254.0,18430.774,69145.556,119853.0,13296.353,8848.665,11281.82,138.2054,29389420.9468182,144.6284
2022-09-01,34621363.625,23934.658,4650196.0,16830.269,73225.074,110035.0,10747.336,7767.211,9147.69,138.1456,33589339.5030025,143.1861
2022-10-01,33057790.246,20094.601,4058112.0,16229.7,80704.549,109082.0,10108.573,7176.984,8311.2,139.3948,32342898.5731632,144.5803
2022-11-01,37379981.875,10614.692,2980875.0,11077.841,79146.34,77127.0,6683.915,4334.651,5381.97,138.77444,35471359.3921367,146.184
2022-12-01,32097764.968,9506.705,2861454.0,11104.284,74499.651,78860.0,6886.524,4127.293,5238.8,139.05328,30845515.3570183,148.2633
2023-01-01,30920969.22,9661.665,3050099.0,10724.913,65804.594,73642.0,6536.295,4134.995,5216.94,140.78995,29529173.1650418,145.6569
2023-02-01,32830165.114,10308.214,3017555.0,10539.161,71634.541,70227.0,6652.234,4320.665,5364.13,140.23381,31100507.1910527,144.6492
2023-03-01,38932728.484,12560.069,3165233.0,12855.88,86152.785,84189.0,7804.622,5247.341,6668.07,141.67312,37123619.6088179,147.4223
2023-04-01,29342437.952,17297.363,3365542.0,15996.343,76315.538,104562.0,10446.253,7228.094,8454.47,142.83708,28248643.2574818,144.1276
2023-05-01,33942406.766,22403.599,4053204.0,17335.127,77849.932,112765.0,11684.198,8300.384,9766.97,141.87705,32594235.882579505,141.9055
2023-06-01,33982453.989,24038.955,4347975.0,18142.98,73182.056,116940.0,11471.027,8307.46,10607.99,141.95673,33134870.015250105,143.5972
2023-07-01,30445789.879,27805.62,5629985.0,20420.217,77299.035,130370.0,14774.158,10116.916,13880.83,143.24716,29844226.332639094,139.727
2023-08-01,26173676.041,29147.145,6063169.0,20592.197,77735.425,128535.0,15489.505,10186.163,13599.39,142.71936,25469059.173085295,139.9131
2023-09-01,31014884.439,26197.078,4626814.0,18971.609,85754.064,120088.0,12506.679,8795.425,11193.59,143.2687,29650990.7462201,141.5868
2023-10-01,32276872.882,22753.513,4353283.0,18350.305,91315.223,117955.0,11774.557,8187.022,10302.07,144.80924,31049957.288419,137.9781
2023-11-01,34878346.913,12066.353,3204729.0,12871.188,91944.718,85637.0,8059.185,5135.498,6644.47,144.51322,33393209.3822032,141.4926
2023-12-01,28947870.423,10550.395,3153645.0,12925.77,90025.107,88411.0,8551.712,5209.085,7090.5,145.72405,27705647.0445804,140.8499
2024-01-01,30144188.447,10726.02,3258543.0,12144.917,81925.988,81149.0,7256.09,4768.171,6549.6,147.22768,28786115.984022,142.812
2024-02-01,31834868.145,11769.512,3296844.0,12449.872,85857.03,79871.0,7643.46,5009.311,6746.53,146.38938,30858548.896546,141.1123
2024-03-01,31450458.378,15178.15,3555748.0,14987.65,96486.541,94968.0,9379.438,6347.516,8651.55,147.80404,29938190.586826,148.4131
2024-04-01,33990782.626,18230.973,3440063.0,17471.608,90577.052,113465.0,11298.566,7831.094,9565.4,147.92594,31937862.003053,141.7499
2024-05-01,34716427.44,25163.678,4202053.0,19609.24,98848.479,125550.0,13041.56,9256.446,11687.33,147.59278,32807791.03,140.9481
2024-06-01,32968748.84,25968.966,4613597.0,20460.582,93186.769,129461.0,12537.247,9313.45,12373.28,148.94401,31175010.26,145.3086
2024-07-01,33269564.39,29247.125,5698547.0,22241.65,96847.127,139706.0,16000.994,10851.172,15534.68,148.23705,31446799.53,144.9734
2024-08-01,26833928.51,30570.274,6468783.0,22566.867,96124.015,139168.0,16638.668,10930.75,15362.78,149.71934,25401237.74,143.2024
2024-09-01,31596859.34,27339.733,4758534.0,20809.353,99663.401,130827.0,13327.08,9595.136,12615.13,149.45411,29867741.43,146.5832
2024-10-01,35280246.22,24273.845,4505747.0,19894.605,113860.916,126686.0,13019.294,8965.31,11897.62,149.69167,32586294.47,146.8043
2024-11-01,33690011.45916477,12414.15,3270128.0,14199.7,110607.321,94503.0,8982.85,5665.204,7709.1,149.92619301023294,31639670.551596668,142.3367380779376
2024-12-01,30320602.492106535,11285.03593375632,3435643.9779845974,12762.74286443743,103698.02370352994,93387.21264798782,8361.853418681616,5515.759614892591,7098.630394972555,150.74862491749352,28523889.96308219,147.80517627337363
2025-01-01,30012953.292592328,11380.051388031312,3648465.3172726454,12805.550510437752,90848.8241695924,87011.87375784868,8215.408037348272,5464.905520426393,7663.29711334817,151.22285544648952,28078731.62080592,144.7993110953003
2025-02-01,32010513.67931672,11834.436302663173,3570315.3512864783,13405.014571690865,95470.13055608397,81049.13192204283,8036.472582911266,5361.855209043704,7625.71422718713,151.9420408964604,30122080.724278975,146.69218622003453
2025-03-01,34989383.6598922,15364.533371949705,3904372.8660075567,16559.239668295875,108688.11812103695,98215.89942158686,9911.664626073023,6806.381074977132,9739.291169083283,150.61865335575615,32645766.34564734,148.88401141858017
2025-04-01,31796678.313848887,19409.957364560207,2852820.721311575,18401.8620448616,97039.71524415839,114914.772376533,9790.870273715454,7003.915034100904,9295.405207569294,149.9907035077662,29844060.58805812,141.9405070068693
2025-05-01,34533543.725231364,22377.92235329473,3755102.56928538,19646.92864637095,100304.4153729153,125230.90450309828,12317.3413458119,8975.75231682623,10522.68750299894,152.53852458421167,32303399.20463952,143.27616466564845
2025-06-01,34332954.50201439,33604.76358944902,6565970.202508411,28286.39661538496,97478.34747695952,120587.27324005104,17286.156192309445,15083.67293641098,20024.17577091616,154.97219848524702,32280624.178275313,145.92299515136153
2025-07-01,33370342.488586504,41714.34939909002,9303120.08268691,33103.95270980724,103306.60996757416,182921.02168168643,23509.738912454184,19472.192881732743,28510.51745353072,156.02047760928548,30956290.24563101,145.99261829436466
2025-08-01,26498913.148627188,40935.276239859835,9575970.887562737,32006.10579935836,98851.89679064376,175028.41963973315,23924.02847848836,17562.41493718748,25031.876764823544,155.1827316792521,25304450.23409784,143.84048835181994
2025-09-01,32310415.85303323,32662.243248349205,6360350.657997658,26452.733724266767,107280.70196424576,150129.63000436043,16590.448475855617,13238.565451880297,17966.772557980417,154.4945100191466,30284323.79027387,145.75580617213475
2025-10-01,34381658.668629624,27424.759382768643,5730677.536989647,26082.987695387823,120286.96663358231,149075.89004888973,15780.240225878128,12665.28436157662,17242.242644409514,156.12620379250694,31972942.478632987,146.12508660352674
2025-11-01,34420983.08433782,14967.197751158728,4504689.539029047,17892.923403812012,116302.45249088603,106636.45376565846,10629.277433214564,7543.222861003366,10552.500667982347,156.35513998322747,32192588.991229217,145.06242930627124
2025-12-01,30888550.031932928,13109.472444077266,4378113.61307121,16531.62187208572,110696.52161111488,106547.93468063405,10191.881128742856,7075.949459884181,9861.858394828387,156.7692968129354,28845245.468481947,148.14706109590128
2026-01-01,,,,,,,,,,,,
2026-02-01,,,,,,,,,,,,
2026-03-01,,,,,,,,,,,,
2026-04-01,,,,,,,,,,,,
2026-05-01,,,,,,,,,,,,
2026-06-01,,,,,,,,,,,,
2026-07-01,,,,,,,,,,,,
2026-08-01,,,,,,,,,,,,
2026-09-01,,,,,,,,,,,,
2026-10-01,,,,,,,,,,,,
2026-11-01,,,,,,,,,,,,
2026-12-01,,,,,,,,,,,,
